,movie_name,year,time_in_min,genres,rating,votes,grosses
0,The Gentlemen,2019,113 min,"
Action, Comedy, Crime            ",8.0,"73,642",-
1,Knives Out,2019,131 min,"
Comedy, Crime, Drama            ",8.0,"248,714",$165.36M
2,1917,2019,119 min,"
Drama, War            ",8.4,"255,262",$159.18M
3,Gisaengchung,2019,132 min,"
Comedy, Drama, Thriller            ",8.6,"338,923",$53.37M
4,Once Upon a Time... in Hollywood,2019,161 min,"
Comedy, Drama            ",7.7,"421,855",$142.50M
5,Uncut Gems,2019,135 min,"
Crime, Drama, Thriller            ",7.5,"137,126",-
6,Jojo Rabbit,2019,108 min,"
Comedy, Drama, War            ",8.0,"178,442",$0.35M
7,Joker,2019,122 min,"
Crime, Drama, Thriller            ",8.5,"733,089",$335.45M
8,Ford v Ferrari,2019,152 min,"
Action, Biography, Drama            ",8.1,"183,209",$117.62M
9,Little Women,2019,135 min,"
Drama, Romance            ",8.0,"82,977",$108.05M
10,The Shawshank Redemption,1994,142 min,"
Drama            ",9.3,"2,208,540",$28.34M
11,Avengers: Endgame,2019,181 min,"
Action, Adventure, Drama            ",8.4,"686,733",$858.37M
12,The Irishman,2019,209 min,"
Biography, Crime, Drama            ",7.9,"266,287",-
13,The Godfather,1972,175 min,"
Crime, Drama            ",9.2,"1,521,229",$134.97M
14,Harry Potter and the Sorcerer's Stone,2001,152 min,"
Adventure, Family, Fantasy            ",7.6,"599,534",$317.58M
15,Inception,2010,148 min,"
Action, Adventure, Sci-Fi            ",8.8,"1,936,924",$292.58M
16,The Lighthouse,2019,109 min,"
Drama, Fantasy, Horror            ",7.7,"87,981",$0.43M
17,Toy Story 4,2019,100 min,"
Animation, Adventure, Comedy            ",7.8,"168,490",$434.04M
18,Blade Runner 2049,2017,164 min,"
Action, Drama, Mystery            ",8.0,"420,118",$92.05M
19,The Dark Knight,2008,152 min,"
Action, Crime, Drama            ",9.0,"2,187,814",$534.86M
20,Pulp Fiction,1994,154 min,"
Crime, Drama            ",8.9,"1,734,521",$107.93M
21,The Lord of the Rings: The Fellowship of the Ring,2001,178 min,"
Action, Adventure, Drama            ",8.8,"1,580,220",$315.54M
22,Interstellar,2014,169 min,"
Adventure, Drama, Sci-Fi            ",8.6,"1,389,722",$188.02M
23,28 Days Later...,2002,113 min,"
Drama, Horror, Sci-Fi            ",7.6,"360,422",$45.06M
24,Green Book,2018,130 min,"
Biography, Comedy, Drama            ",8.2,"303,689",$85.08M
25,Marriage Story,2019,137 min,"
Comedy, Drama, Romance            ",8.0,"195,760",-
26,Goodfellas,1990,146 min,"
Biography, Crime, Drama            ",8.7,"961,538",$46.84M
27,Twelve Monkeys,1995,129 min,"
Mystery, Sci-Fi, Thriller            ",8.0,"556,996",$57.14M
28,Forrest Gump,1994,142 min,"
Drama, Romance            ",8.8,"1,704,441",$330.25M
29,Fight Club,1999,139 min,"
Drama            ",8.8,"1,762,750",$37.03M
30,Inglourious Basterds,2009,153 min,"
Adventure, Drama, War            ",8.3,"1,192,445",$120.54M
31,The Wolf of Wall Street,2013,180 min,"
Biography, Crime, Drama            ",8.2,"1,099,757",$116.90M
32,Gone Girl,2014,149 min,"
Drama, Mystery, Thriller            ",8.1,"805,438",$167.77M
33,Good Will Hunting,1997,126 min,"
Drama, Romance            ",8.3,"811,195",$138.43M
34,The Shining,1980,146 min,"
Drama, Horror            ",8.4,"841,504",$44.02M
35,Guardians of the Galaxy,2014,121 min,"
Action, Adventure, Comedy            ",8.0,"1,002,638",$333.18M
36,Call Me by Your Name,2017,132 min,"
Drama, Romance            ",7.9,"182,539",$18.10M
37,The Matrix,1999,136 min,"
Action, Sci-Fi            ",8.7,"1,589,208",$171.48M
38,Avengers: Infinity War,2018,149 min,"
Action, Adventure, Sci-Fi            ",8.5,"757,020",$678.82M
39,Titanic,1997,194 min,"
Drama, Romance            ",7.8,"998,971",$659.33M
40,Django Unchained,2012,165 min,"
Drama, Western            ",8.4,"1,278,866",$162.81M
41,Contratiempo,2016,106 min,"
Crime, Mystery, Thriller            ",8.1,"107,186",-
42,Harry Potter and the Goblet of Fire,2005,157 min,"
Adventure, Family, Fantasy            ",7.7,"514,196",$290.01M
43,Shutter Island,2010,138 min,"
Mystery, Thriller            ",8.1,"1,061,697",$128.01M
44,Portrait de la jeune fille en feu,2019,122 min,"
Drama, Romance            ",8.2,"26,042",-
45,Gladiator,2000,155 min,"
Action, Adventure, Drama            ",8.5,"1,274,285",$187.71M
46,Se7en,1995,127 min,"
Crime, Drama, Mystery            ",8.6,"1,360,602",$100.13M
47,Mad Max: Fury Road,2015,120 min,"
Action, Adventure, Sci-Fi            ",8.1,"826,950",$154.06M
48,The Departed,2006,151 min,"
Crime, Drama, Thriller            ",8.5,"1,128,755",$132.38M
49,Prisoners,2013,153 min,"
Crime, Drama, Mystery            ",8.1,"559,689",$61.00M
50,Prisoners,2013,153 min,"
Crime, Drama, Mystery            ",8.1,"559,689",$61.00M
51,The Prestige,2006,130 min,"
Drama, Mystery, Sci-Fi            ",8.5,"1,120,016",$53.09M
52,The Dark Knight Rises,2012,164 min,"
Action, Adventure            ",8.4,"1,447,875",$448.14M
53,Sen to Chihiro no kamikakushi,2001,125 min,"
Animation, Adventure, Family            ",8.6,"597,952",$10.06M
54,Baby Driver,2017,113 min,"
Action, Crime, Drama            ",7.6,"402,743",$107.83M
55,Thor: Ragnarok,2017,130 min,"
Action, Adventure, Comedy            ",7.9,"539,348",$315.06M
56,Saving Private Ryan,1998,169 min,"
Drama, War            ",8.6,"1,170,990",$216.54M
57,There Will Be Blood,2007,158 min,"
Drama            ",8.2,"487,030",$40.22M
58,The Silence of the Lambs,1991,118 min,"
Crime, Drama, Thriller            ",8.6,"1,198,416",$130.74M
59,The Lord of the Rings: The Return of the King,2003,201 min,"
Adventure, Drama, Fantasy            ",8.9,"1,568,122",$377.85M
60,Schindler's List,1993,195 min,"
Biography, Drama, History            ",8.9,"1,151,789",$96.90M
61,Dunkirk,2017,106 min,"
Action, Drama, History            ",7.9,"507,646",$188.37M
62,Harry Potter and the Deathly Hallows: Part 2,2011,130 min,"
Adventure, Drama, Fantasy            ",8.1,"723,489",$381.01M
63,Mission: Impossible - Fallout,2018,147 min,"
Action, Adventure, Thriller            ",7.7,"266,312",$220.16M
64,Guardians of the Galaxy Vol. 2,2017,136 min,"
Action, Adventure, Comedy            ",7.6,"529,443",$389.81M
65,Blade Runner,1982,117 min,"
Action, Sci-Fi, Thriller            ",8.1,"660,358",$32.87M
66,Spider-Man: Into the Spider-Verse,2018,117 min,"
Animation, Action, Adventure            ",8.4,"304,810",$190.24M
67,Léon,1994,110 min,"
Action, Crime, Drama            ",8.5,"978,884",$19.50M
68,Ocean's Eleven,2001,116 min,"
Crime, Thriller            ",7.8,"491,899",$183.42M
69,The Avengers,2012,143 min,"
Action, Adventure, Sci-Fi            ",8.0,"1,222,554",$623.28M
70,Pirates of the Caribbean: The Curse of the Black Pearl,2003,143 min,"
Action, Adventure, Fantasy            ",8.0,"987,490",$305.41M
71,Deadpool,2016,108 min,"
Action, Adventure, Comedy            ",8.0,"863,237",$363.07M
72,Dazed and Confused,1993,102 min,"
Comedy            ",7.6,"155,461",$7.99M
73,The Lion King,1994,88 min,"
Animation, Adventure, Drama            ",8.5,"893,063",$422.78M
74,Bohemian Rhapsody,2018,134 min,"
Biography, Drama, Music            ",8.0,"414,867",$216.43M
75,Apocalypse Now,1979,147 min,"
Drama, Mystery, War            ",8.4,"575,273",$83.47M
76,Star Wars: Episode VII - The Force Awakens,2015,138 min,"
Action, Adventure, Sci-Fi            ",7.9,"830,269",$936.66M
77,Star Wars,1977,121 min,"
Action, Adventure, Fantasy            ",8.6,"1,178,829",$322.74M
78,Avatar,2009,162 min,"
Action, Adventure, Fantasy            ",7.8,"1,082,994",$760.51M
79,The Godfather: Part II,1974,202 min,"
Crime, Drama            ",9.0,"1,065,692",$57.30M
80,No Country for Old Men,2007,122 min,"
Crime, Drama, Thriller            ",8.1,"805,282",$74.28M
81,Tangled,2010,100 min,"
Animation, Adventure, Comedy            ",7.7,"385,824",$200.82M
82,Get Out,2017,104 min,"
Horror, Mystery, Thriller            ",7.7,"450,376",$176.04M
83,Alien,1979,117 min,"
Horror, Sci-Fi            ",8.4,"748,777",$78.90M
84,Back to the Future,1985,116 min,"
Adventure, Comedy, Sci-Fi            ",8.5,"988,249",$210.61M
85,The Princess Bride,1987,98 min,"
Adventure, Family, Fantasy            ",8.1,"374,986",$30.86M
86,Moana,2016,107 min,"
Animation, Adventure, Comedy            ",7.6,"246,689",$248.76M
87,Harry Potter and the Prisoner of Azkaban,2004,142 min,"
Adventure, Family, Fantasy            ",7.9,"516,049",$249.36M
88,The Green Mile,1999,189 min,"
Crime, Drama, Fantasy            ",8.6,"1,077,855",$136.80M
89,Hacksaw Ridge,2016,139 min,"
Biography, Drama, History            ",8.1,"399,468",$67.21M
90,Room,2015,118 min,"
Drama, Thriller            ",8.1,"341,416",$14.68M
91,Zodiac,2007,157 min,"
Crime, Drama, Mystery            ",7.7,"422,699",$33.08M
92,Snatch,2000,104 min,"
Comedy, Crime            ",8.3,"749,145",$30.33M
93,Casino Royale,2006,144 min,"
Action, Adventure, Thriller            ",8.0,"558,935",$167.45M
94,The Big Lebowski,1998,117 min,"
Comedy, Crime, Sport            ",8.1,"693,364",$17.50M
95,Her,2013,126 min,"
Drama, Romance, Sci-Fi            ",8.0,"504,371",$25.57M
96,The Peanut Butter Falcon,2019,97 min,"
Adventure, Comedy, Drama            ",7.7,"37,162",$13.12M
97,American Beauty,1999,122 min,"
Drama            ",8.3,"1,027,516",$130.10M
98,Shaun of the Dead,2004,99 min,"
Comedy, Horror            ",7.9,"491,276",$13.54M
99,Iron Man,2008,126 min,"
Action, Adventure, Sci-Fi            ",7.9,"902,510",$318.41M
100,Whiplash,2014,106 min,"
Drama, Music            ",8.5,"664,178",$13.09M
101,The Big Short,2015,130 min,"
Biography, Comedy, Drama            ",7.8,"333,718",$70.26M
102,The Lord of the Rings: The Two Towers,2002,179 min,"
Adventure, Drama, Fantasy            ",8.7,"1,415,964",$342.55M
103,The Usual Suspects,1995,106 min,"
Crime, Mystery, Thriller            ",8.5,"945,602",$23.34M
104,Memento,2000,113 min,"
Mystery, Thriller            ",8.4,"1,072,029",$25.54M
105,Eternal Sunshine of the Spotless Mind,2004,108 min,"
Drama, Romance, Sci-Fi            ",8.3,"864,050",$34.40M
106,Rogue One,2016,133 min,"
Action, Adventure, Sci-Fi            ",7.8,"522,965",$532.18M
107,Cast Away,2000,143 min,"
Adventure, Drama, Romance            ",7.8,"495,424",$233.63M
108,Ex Machina,2014,108 min,"
Drama, Mystery, Sci-Fi            ",7.7,"447,509",$25.44M
109,Taxi Driver,1976,114 min,"
Crime, Drama            ",8.3,"680,416",$28.26M
110,The Martian,2015,144 min,"
Adventure, Drama, Sci-Fi            ",8.0,"719,894",$228.43M
111,The Revenant,2015,156 min,"
Action, Adventure, Biography            ",8.0,"663,615",$183.64M
112,Jurassic Park,1993,127 min,"
Action, Adventure, Sci-Fi            ",8.1,"819,956",$402.45M
113,Raiders of the Lost Ark,1981,115 min,"
Action, Adventure            ",8.4,"845,563",$248.16M
114,Deadpool 2,2018,119 min,"
Action, Adventure, Comedy            ",7.7,"441,443",$324.59M
115,The Hateful Eight,2015,168 min,"
Crime, Drama, Mystery            ",7.8,"480,949",$54.12M
116,The Sound of Music,1965,172 min,"
Biography, Drama, Family            ",8.0,"193,674",$163.21M
117,Logan,2017,137 min,"
Action, Drama, Sci-Fi            ",8.1,"605,726",$226.28M
118,"Three Billboards Outside Ebbing, Missouri",2017,115 min,"
Comedy, Crime, Drama            ",8.2,"388,896",$54.51M
119,Zootopia,2016,108 min,"
Animation, Adventure, Comedy            ",8.0,"407,883",$341.27M
120,Catch Me If You Can,2002,141 min,"
Biography, Crime, Drama            ",8.1,"769,658",$164.62M
121,The Grand Budapest Hotel,2014,99 min,"
Adventure, Comedy, Crime            ",8.1,"667,064",$59.10M
122,12 Angry Men,1957,96 min,"
Drama            ",8.9,"645,063",$4.36M
123,Requiem for a Dream,2000,102 min,"
Drama            ",8.3,"730,701",$3.64M
124,Edge of Tomorrow,2014,113 min,"
Action, Sci-Fi            ",7.9,"571,935",$100.21M
125,Scarface,1983,170 min,"
Crime, Drama            ",8.3,"699,760",$45.60M
126,The Favourite,2018,119 min,"
Biography, Comedy, Drama            ",7.6,"152,264",$34.37M
127,The Help,2011,146 min,"
Drama            ",8.1,"407,450",$169.71M
128,The Pianist,2002,150 min,"
Biography, Drama, Music            ",8.5,"683,938",$32.57M
129,The Two Popes,2019,125 min,"
Comedy, Drama            ",7.6,"83,541",-
130,Batman Begins,2005,140 min,"
Action, Adventure            ",8.2,"1,248,820",$206.85M
131,Ferris Bueller's Day Off,1986,103 min,"
Comedy            ",7.8,"302,915",$70.14M
132,Stand by Me,1986,89 min,"
Adventure, Drama            ",8.1,"347,074",$52.29M
133,The Terminator,1984,107 min,"
Action, Sci-Fi            ",8.0,"767,064",$38.40M
134,Watchmen,2009,162 min,"
Action, Drama, Mystery            ",7.6,"481,482",$107.51M
135,The Goonies,1985,114 min,"
Adventure, Comedy, Family            ",7.8,"228,962",$61.50M
136,Kingsman: The Secret Service,2014,129 min,"
Action, Adventure, Comedy            ",7.7,"567,383",$128.26M
137,The Hobbit: An Unexpected Journey,2012,169 min,"
Adventure, Family, Fantasy            ",7.8,"736,450",$303.00M
138,American History X,1998,119 min,"
Drama            ",8.5,"992,171",$6.72M
139,Braveheart,1995,178 min,"
Biography, Drama, History            ",8.3,"923,880",$75.60M
140,Silver Linings Playbook,2012,122 min,"
Comedy, Drama, Romance            ",7.7,"639,397",$132.09M
141,La vita è bella,1997,116 min,"
Comedy, Drama, Romance            ",8.6,"586,318",$57.60M
142,Pride & Prejudice,2005,129 min,"
Drama, Romance            ",7.8,"240,248",$38.41M
143,The Breakfast Club,1985,97 min,"
Comedy, Drama            ",7.9,"331,949",$45.88M
144,Kill Bill: Vol. 1,2003,111 min,"
Action, Crime, Thriller            ",8.1,"952,950",$70.10M
145,Oldeuboi,2003,120 min,"
Action, Drama, Mystery            ",8.4,"485,098",$0.71M
146,A Star Is Born,2018,136 min,"
Drama, Music, Romance            ",7.7,"301,547",$215.29M
147,Lion,2016,118 min,"
Biography, Drama            ",8.0,"196,153",$51.74M
148,One Flew Over the Cuckoo's Nest,1975,133 min,"
Drama            ",8.7,"869,955",$112.00M
149,The Social Network,2010,120 min,"
Biography, Drama            ",7.7,"591,461",$96.96M
150,Drive,2011,100 min,"
Crime, Drama            ",7.8,"545,146",$35.06M
151,Arrival,2016,116 min,"
Drama, Mystery, Sci-Fi            ",7.9,"554,590",$100.55M
152,Mystic River,2003,138 min,"
Crime, Drama, Mystery            ",7.9,"402,249",$90.14M
153,Wonder,2017,113 min,"
Drama, Family            ",8.0,"125,860",$132.42M
154,Black Swan,2010,108 min,"
Drama, Thriller            ",8.0,"672,938",$106.95M
155,Skyfall,2012,143 min,"
Action, Adventure, Thriller            ",7.7,"610,597",$304.36M
156,"Il buono, il brutto, il cattivo",1966,161 min,"
Western            ",8.8,"654,337",$6.10M
157,Warrior,2011,140 min,"
Drama, Sport            ",8.2,"418,045",$13.66M
158,Cidade de Deus,2002,130 min,"
Crime, Drama            ",8.6,"671,062",$7.56M
159,The Godfather: Part III,1990,162 min,"
Crime, Drama            ",7.6,"339,712",$66.67M
160,Some Like It Hot,1959,121 min,"
Comedy, Music, Romance            ",8.2,"231,521",$25.00M
161,Mulan,1998,88 min,"
Animation, Adventure, Family            ",7.6,"236,875",$120.62M
162,Reservoir Dogs,1992,99 min,"
Crime, Drama, Thriller            ",8.3,"873,559",$2.83M
163,Indiana Jones and the Last Crusade,1989,127 min,"
Action, Adventure            ",8.2,"661,201",$197.17M
164,Coco,2017,105 min,"
Animation, Adventure, Family            ",8.4,"327,334",$209.73M
165,Ratatouille,2007,111 min,"
Animation, Adventure, Comedy            ",8.0,"609,125",$206.45M
166,Inside Out,2015,95 min,"
Animation, Adventure, Comedy            ",8.2,"572,632",$356.46M
167,The Farewell,2019,100 min,"
Comedy, Drama            ",7.6,"34,616",$16.88M
168,Stardust,2007,127 min,"
Adventure, Family, Fantasy            ",7.6,"245,512",$38.63M
169,American Psycho,2000,101 min,"
Comedy, Crime, Drama            ",7.6,"457,426",$15.07M
170,Zombieland,2009,88 min,"
Adventure, Comedy, Horror            ",7.6,"498,703",$75.59M
171,A Clockwork Orange,1971,136 min,"
Crime, Drama, Sci-Fi            ",8.3,"722,183",-
172,The Girl with the Dragon Tattoo,2011,158 min,"
Crime, Drama, Mystery            ",7.8,"402,524",$102.52M
173,Jaws,1975,124 min,"
Adventure, Drama, Thriller            ",8.0,"524,935",$260.00M
174,Harry Potter and the Half-Blood Prince,2009,153 min,"
Action, Adventure, Family            ",7.6,"442,674",$301.96M
175,Harry Potter and the Deathly Hallows: Part 1,2010,146 min,"
Adventure, Family, Fantasy            ",7.7,"448,461",$295.98M
176,The Intouchables,2011,112 min,"
Biography, Comedy, Drama            ",8.5,"715,684",$13.18M
177,La La Land,2016,128 min,"
Comedy, Drama, Music            ",8.0,"469,343",$151.10M
178,Platoon,1986,120 min,"
Drama, War            ",8.1,"365,486",$138.53M
179,The Fifth Element,1997,126 min,"
Action, Adventure, Sci-Fi            ",7.7,"417,322",$63.54M
180,Heat,1995,170 min,"
Crime, Drama, Thriller            ",8.2,"547,301",$67.44M
181,Full Metal Jacket,1987,116 min,"
Drama, War            ",8.3,"640,849",$46.36M
182,Mononoke-hime,1997,134 min,"
Animation, Adventure, Fantasy            ",8.4,"315,292",$2.38M
183,Sin City,2005,124 min,"
Crime, Thriller            ",8.0,"727,078",$74.10M
184,Hot Fuzz,2007,121 min,"
Action, Comedy, Mystery            ",7.8,"443,351",$23.64M
185,Incredibles 2,2018,118 min,"
Animation, Action, Adventure            ",7.6,"228,519",$608.58M
186,Pan's Labyrinth,2006,118 min,"
Drama, Fantasy, War            ",8.2,"593,863",$37.63M
187,Birdman or (The Unexpected Virtue of Ignorance),2014,119 min,"
Comedy, Drama            ",7.7,"549,882",$42.34M
188,Jagten,2012,115 min,"
Drama            ",8.3,"258,977",$0.69M
189,Captain Fantastic,2016,118 min,"
Comedy, Drama            ",7.9,"172,995",$5.88M
190,Boogie Nights,1997,155 min,"
Drama            ",7.9,"228,195",$26.40M
191,Shichinin no samurai,1954,207 min,"
Action, Adventure, Drama            ",8.6,"298,906",$0.27M
192,Terminator 2: Judgment Day,1991,137 min,"
Action, Sci-Fi            ",8.5,"953,838",$204.84M
193,Aliens,1986,137 min,"
Action, Adventure, Sci-Fi            ",8.3,"625,295",$85.16M
194,About Time,2013,123 min,"
Comedy, Drama, Fantasy            ",7.8,"280,975",$15.32M
195,300,2006,117 min,"
Action, Drama            ",7.6,"711,715",$210.61M
196,Donnie Darko,2001,113 min,"
Drama, Mystery, Sci-Fi            ",8.0,"717,067",$1.48M
197,Toy Story,1995,81 min,"
Animation, Adventure, Comedy            ",8.3,"842,492",$191.80M
198,Capharnaüm,2018,126 min,"
Drama            ",8.4,"41,375",$1.66M
199,Kimi no na wa.,2016,106 min,"
Animation, Drama, Fantasy            ",8.4,"161,820",$5.02M
200,Psycho,1960,109 min,"
Horror, Mystery, Thriller            ",8.5,"567,995",$32.00M
201,True Romance,1993,119 min,"
Crime, Drama, Romance            ",7.9,"197,113",$12.28M
202,Once Upon a Time in America,1984,229 min,"
Crime, Drama            ",8.4,"293,072",$5.32M
203,Ah-ga-ssi,2016,145 min,"
Drama, Romance, Thriller            ",8.1,"94,753",$2.01M
204,Walk the Line,2005,136 min,"
Biography, Drama, Music            ",7.8,"224,800",$119.52M
205,The Notebook,2004,123 min,"
Drama, Romance            ",7.8,"495,008",$81.00M
206,Fargo,1996,98 min,"
Crime, Drama, Thriller            ",8.1,"586,157",$24.61M
207,Superbad,2007,113 min,"
Comedy            ",7.6,"501,507",$121.46M
208,Children of Men,2006,109 min,"
Drama, Thriller            ",7.9,"444,094",$35.55M
209,Captain America: Civil War,2016,147 min,"
Action, Adventure, Sci-Fi            ",7.8,"625,313",$408.08M
210,Mary Poppins,1964,139 min,"
Comedy, Family, Fantasy            ",7.8,"150,579",$102.27M
211,Sicario,2015,121 min,"
Action, Crime, Drama            ",7.6,"348,489",$46.89M
212,A Few Good Men,1992,138 min,"
Drama, Thriller            ",7.7,"223,407",$141.34M
213,Gangs of New York,2002,167 min,"
Crime, Drama            ",7.5,"387,704",$77.81M
214,The Imitation Game,2014,114 min,"
Biography, Drama, Thriller            ",8.0,"648,899",$91.13M
215,The Lives of Others,2006,137 min,"
Drama, Mystery, Thriller            ",8.4,"339,704",$11.29M
216,Hidden Figures,2016,127 min,"
Biography, Drama, History            ",7.8,"184,911",$169.61M
217,Dr. Strangelove or: How I Learned to Stop Worrying and Love the Bomb,1964,95 min,"
Comedy            ",8.4,"431,158",$0.28M
218,Love Actually,2003,135 min,"
Comedy, Drama, Romance            ",7.6,"409,189",$59.70M
219,2001: A Space Odyssey,1968,149 min,"
Adventure, Sci-Fi            ",8.3,"571,037",$56.95M
220,Star Wars: Episode V - The Empire Strikes Back,1980,124 min,"
Action, Adventure, Fantasy            ",8.7,"1,106,852",$290.48M
221,The Hangover,2009,100 min,"
Comedy            ",7.7,"692,221",$277.32M
222,"Lock, Stock and Two Smoking Barrels",1998,107 min,"
Comedy, Crime            ",8.2,"512,338",$3.90M
223,Lost in Translation,2003,102 min,"
Drama, Romance            ",7.7,"391,573",$44.59M
224,A Beautiful Mind,2001,135 min,"
Biography, Drama            ",8.2,"806,838",$170.74M
225,Star Wars: Episode VI - Return of the Jedi,1983,131 min,"
Action, Adventure, Fantasy            ",8.3,"907,543",$309.13M
226,Groundhog Day,1993,101 min,"
Comedy, Fantasy, Romance            ",8.0,"559,107",$70.91M
227,Captain America: The Winter Soldier,2014,136 min,"
Action, Adventure, Sci-Fi            ",7.7,"702,191",$259.77M
228,Spotlight,2015,129 min,"
Biography, Crime, Drama            ",8.1,"391,013",$45.06M
229,Once Upon a Time in the West,1968,165 min,"
Western            ",8.5,"286,089",$5.32M
230,The Last Samurai,2003,154 min,"
Action, Drama, War            ",7.7,"383,135",$111.11M
231,Into the Wild,2007,148 min,"
Adventure, Biography, Drama            ",8.1,"545,020",$18.35M
232,E.T. the Extra-Terrestrial,1982,115 min,"
Family, Sci-Fi            ",7.8,"353,219",$435.11M
233,12 Years a Slave,2013,134 min,"
Biography, Drama, History            ",8.1,"606,619",$56.67M
234,Nightcrawler,2014,117 min,"
Crime, Drama, Thriller            ",7.9,"432,365",$32.38M
235,Big Fish,2003,125 min,"
Adventure, Drama, Fantasy            ",8.0,"400,913",$66.26M
236,The Sixth Sense,1999,107 min,"
Drama, Mystery, Thriller            ",8.1,"875,923",$293.51M
237,What We Do in the Shadows,2014,86 min,"
Comedy, Horror            ",7.7,"140,926",$3.33M
238,Wait Until Dark,1967,108 min,"
Horror, Thriller            ",7.8,"26,380",$17.55M
239,Unforgiven,1992,130 min,"
Drama, Western            ",8.2,"357,086",$101.16M
240,Star Trek,2009,127 min,"
Action, Adventure, Sci-Fi            ",7.9,"566,223",$257.73M
241,The Town,2010,125 min,"
Crime, Drama, Thriller            ",7.5,"334,997",$92.19M
242,Dial M for Murder,1954,105 min,"
Crime, Thriller            ",8.2,"147,757",$0.01M
243,Dead Poets Society,1989,128 min,"
Comedy, Drama            ",8.1,"395,568",$95.86M
244,Young Frankenstein,1974,106 min,"
Comedy            ",8.0,"137,624",$86.30M
245,Salinui chueok,2003,131 min,"
Action, Crime, Drama            ",8.1,"117,738",$0.01M
246,Moneyball,2011,133 min,"
Biography, Drama, Sport            ",7.6,"342,937",$75.61M
247,Hell or High Water,2016,102 min,"
Action, Crime, Drama            ",7.6,"190,116",$26.86M
248,The Hobbit: The Desolation of Smaug,2013,161 min,"
Adventure, Fantasy            ",7.8,"581,994",$258.37M
249,The Incredibles,2004,115 min,"
Animation, Action, Adventure            ",8.0,"629,916",$261.44M
250,La vie d'Adèle,2013,180 min,"
Drama, Romance            ",7.7,"130,940",$2.20M
251,V for Vendetta,2005,132 min,"
Action, Drama, Sci-Fi            ",8.2,"986,858",$70.51M
252,The Truman Show,1998,103 min,"
Comedy, Drama, Sci-Fi            ",8.1,"881,097",$125.62M
253,Gran Torino,2008,116 min,"
Drama            ",8.1,"693,404",$148.10M
254,"Monsters, Inc.",2001,92 min,"
Animation, Adventure, Comedy            ",8.0,"776,733",$289.92M
255,Mulholland Dr.,2001,147 min,"
Drama, Mystery, Thriller            ",8.0,"303,029",$7.22M
256,Aladdin,1992,90 min,"
Animation, Adventure, Comedy            ",8.0,"350,708",$217.35M
257,The Wizard of Oz,1939,102 min,"
Adventure, Family, Fantasy            ",8.0,"361,574",$2.08M
258,Airplane!,1980,88 min,"
Comedy            ",7.7,"199,638",$83.40M
259,Up,2009,96 min,"
Animation, Adventure, Comedy            ",8.2,"888,860",$293.00M
260,Serpico,1973,130 min,"
Biography, Crime, Drama            ",7.7,"102,480",$29.80M
261,Atonement,2007,123 min,"
Drama, Mystery, Romance            ",7.8,"237,325",$50.93M
262,Rush,2013,123 min,"
Biography, Drama, Sport            ",8.1,"411,583",$26.95M
263,Lo imposible,2012,114 min,"
Drama, History, Thriller            ",7.6,"187,273",$19.02M
264,L.A. Confidential,1997,138 min,"
Crime, Drama, Mystery            ",8.2,"510,905",$64.62M
265,127 Hours,2010,94 min,"
Biography, Drama            ",7.6,"335,411",$18.34M
266,The Perks of Being a Wallflower,2012,103 min,"
Drama, Romance            ",8.0,"437,421",$17.74M
267,Office Space,1999,89 min,"
Comedy            ",7.7,"233,808",$10.82M
268,Finding Nemo,2003,100 min,"
Animation, Adventure, Comedy            ",8.1,"907,592",$380.84M
269,Roma,2018,135 min,"
Drama            ",7.7,"126,283",-
270,Argo,2012,120 min,"
Biography, Drama, Thriller            ",7.7,"553,117",$136.03M
271,Amélie,2001,122 min,"
Comedy, Romance            ",8.3,"676,516",$33.23M
272,X: First Class,2011,131 min,"
Action, Adventure, Sci-Fi            ",7.7,"627,887",$146.41M
273,Scent of a Woman,1992,156 min,"
Drama            ",8.0,"244,490",$63.90M
274,The Exorcist,1973,122 min,"
Horror            ",8.0,"347,515",$232.91M
275,Die Hard,1988,132 min,"
Action, Thriller            ",8.2,"752,555",$83.01M
276,WALL·E,2008,98 min,"
Animation, Adventure, Family            ",8.4,"951,246",$223.81M
277,Magnolia,1999,188 min,"
Drama            ",8.0,"279,000",$22.46M
278,Indiana Jones and the Temple of Doom,1984,118 min,"
Action, Adventure            ",7.6,"425,772",$179.87M
279,The Curious Case of Benjamin Button,2008,166 min,"
Drama, Fantasy, Romance            ",7.8,"560,996",$127.51M
280,Rocky,1976,120 min,"
Drama, Sport            ",8.1,"494,089",$117.24M
281,The Thing,1982,109 min,"
Horror, Mystery, Sci-Fi            ",8.1,"349,789",$13.78M
282,The Great Escape,1963,172 min,"
Adventure, Drama, History            ",8.2,"213,803",$12.10M
283,Rear Window,1954,112 min,"
Mystery, Thriller            ",8.4,"419,711",$36.76M
284,The Pursuit of Happyness,2006,117 min,"
Biography, Drama            ",8.0,"423,994",$163.57M
285,Kill Bill: Vol. 2,2004,137 min,"
Action, Crime, Thriller            ",8.0,"651,282",$66.21M
286,Crash,2004,112 min,"
Crime, Drama, Thriller            ",7.8,"409,479",$54.58M
287,Casablanca,1942,102 min,"
Drama, Romance, War            ",8.5,"497,211",$1.02M
288,Gone with the Wind,1939,238 min,"
Drama, History, Romance            ",8.1,"275,200",$198.68M
289,Trainspotting,1996,93 min,"
Drama            ",8.1,"611,384",$16.50M
290,Der Untergang,2004,156 min,"
Biography, Drama, History            ",8.2,"317,369",$5.51M
291,Ghostbusters,1984,105 min,"
Action, Comedy, Fantasy            ",7.8,"339,610",$238.63M
292,As Good as It Gets,1997,139 min,"
Comedy, Drama, Romance            ",7.7,"263,865",$148.48M
293,Minority Report,2002,145 min,"
Action, Crime, Mystery            ",7.6,"486,551",$132.07M
294,Casino,1995,178 min,"
Crime, Drama            ",8.2,"438,005",$42.44M
295,Brokeback Mountain,2005,134 min,"
Drama, Romance            ",7.7,"310,467",$83.04M
296,Apocalypto,2006,139 min,"
Action, Adventure, Drama            ",7.8,"278,769",$50.87M
297,Tombstone,1993,130 min,"
Action, Biography, Drama            ",7.8,"119,778",$56.51M
298,Toy Story 3,2010,103 min,"
Animation, Adventure, Comedy            ",8.3,"722,766",$415.00M
299,Remember the Titans,2000,113 min,"
Biography, Drama, Sport            ",7.8,"190,116",$115.65M
300,Blow,2001,124 min,"
Biography, Crime, Drama            ",7.6,"231,757",$52.99M
301,Manchester by the Sea,2016,137 min,"
Drama            ",7.8,"229,719",$47.70M
302,Sense and Sensibility,1995,136 min,"
Drama, Romance            ",7.6,"96,777",$43.18M
303,Sherlock Holmes,2009,128 min,"
Action, Adventure, Crime            ",7.6,"564,456",$209.03M
304,The Machinist,2004,101 min,"
Drama, Thriller            ",7.7,"342,607",$1.08M
305,Home Alone,1990,103 min,"
Comedy, Family            ",7.6,"442,332",$285.76M
306,Incendies,2010,131 min,"
Drama, Mystery, War            ",8.3,"134,357",$6.86M
307,Moon,2009,97 min,"
Drama, Mystery, Sci-Fi            ",7.9,"322,760",$5.01M
308,True Grit,2010,110 min,"
Drama, Western            ",7.6,"296,130",$171.24M
309,The Butterfly Effect,2004,113 min,"
Drama, Sci-Fi, Thriller            ",7.6,"435,735",$57.94M
310,Hauru no ugoku shiro,2004,119 min,"
Animation, Adventure, Family            ",8.2,"299,569",$4.71M
311,The King's Speech,2010,118 min,"
Biography, Drama, History            ",8.0,"615,849",$138.80M
312,Boyz n the Hood,1991,112 min,"
Crime, Drama            ",7.7,"117,837",$57.50M
313,Predator,1987,107 min,"
Action, Adventure, Sci-Fi            ",7.8,"357,548",$59.74M
314,Dallas Buyers Club,2013,117 min,"
Biography, Drama            ",8.0,"419,507",$27.30M
315,Shrek,2001,90 min,"
Animation, Adventure, Comedy            ",7.8,"587,747",$267.67M
316,Det sjunde inseglet,1957,96 min,"
Drama, Fantasy            ",8.2,"152,526",-
317,3 Idiots,2009,170 min,"
Comedy, Drama            ",8.4,"319,140",$6.53M
318,Midnight in Paris,2011,96 min,"
Comedy, Fantasy, Romance            ",7.7,"369,588",$56.82M
319,Blood Diamond,2006,143 min,"
Adventure, Drama, Thriller            ",8.0,"478,951",$57.37M
320,Tonari no Totoro,1988,86 min,"
Animation, Family, Fantasy            ",8.2,"261,884",$1.11M
321,Slumdog Millionaire,2008,120 min,"
Drama, Romance            ",8.0,"771,164",$141.32M
322,The Little Mermaid,1989,83 min,"
Animation, Family, Fantasy            ",7.6,"225,586",$111.54M
323,Straight Outta Compton,2015,147 min,"
Biography, Drama, History            ",7.9,"171,979",$161.20M
324,Big Hero 6,2014,102 min,"
Animation, Action, Adventure            ",7.8,"391,083",$222.53M
325,The Bourne Identity,2002,119 min,"
Action, Mystery, Thriller            ",7.9,"489,602",$121.66M
326,Amadeus,1984,160 min,"
Biography, Drama, History            ",8.3,"352,347",$51.97M
327,Little Miss Sunshine,2006,101 min,"
Comedy, Drama            ",7.8,"423,153",$59.89M
328,The Deer Hunter,1978,183 min,"
Drama, War            ",8.1,"296,602",$48.98M
329,Klaus,2019,96 min,"
Animation, Adventure, Comedy            ",8.2,"62,802",-
330,The Theory of Everything,2014,123 min,"
Biography, Drama, Romance            ",7.7,"379,405",$35.89M
331,Match Point,2005,124 min,"
Drama, Romance, Thriller            ",7.6,"198,357",$23.09M
332,Moonrise Kingdom,2012,94 min,"
Comedy, Drama, Romance            ",7.8,"303,788",$45.51M
333,Saw,2004,103 min,"
Horror, Mystery, Thriller            ",7.6,"364,971",$56.00M
334,Monty Python and the Holy Grail,1975,91 min,"
Adventure, Comedy, Fantasy            ",8.2,"481,027",$1.23M
335,Isle of Dogs,2018,101 min,"
Animation, Adventure, Comedy            ",7.9,"125,060",$32.02M
336,What's Eating Gilbert Grape,1993,118 min,"
Drama            ",7.8,"205,070",$9.17M
337,X-Men: Days of Future Past,2014,132 min,"
Action, Adventure, Sci-Fi            ",8.0,"640,688",$233.92M
338,The Blind Side,2009,129 min,"
Biography, Drama, Sport            ",7.6,"278,505",$255.96M
339,Rosemary's Baby,1968,137 min,"
Drama, Horror            ",8.0,"181,165",-
340,Before Sunrise,1995,101 min,"
Drama, Romance            ",8.1,"251,938",$5.54M
341,The Fault in Our Stars,2014,126 min,"
Drama, Romance            ",7.7,"328,540",$124.87M
342,El secreto de sus ojos,2009,129 min,"
Drama, Mystery, Romance            ",8.2,"181,455",$6.39M
343,Almost Famous,2000,122 min,"
Adventure, Comedy, Drama            ",7.9,"242,183",$32.53M
344,Million Dollar Baby,2004,132 min,"
Drama, Sport            ",8.1,"608,698",$100.49M
345,Raging Bull,1980,129 min,"
Biography, Drama, Sport            ",8.2,"304,839",$23.38M
346,Training Day,2001,122 min,"
Crime, Drama, Thriller            ",7.7,"370,789",$76.63M
347,Wind River,2017,107 min,"
Crime, Drama, Mystery            ",7.7,"186,261",$33.80M
348,Dangal,2016,161 min,"
Action, Biography, Drama            ",8.4,"137,801",$12.39M
349,Gravity,2013,91 min,"
Drama, Sci-Fi, Thriller            ",7.7,"739,787",$274.09M
350,Vertigo,1958,128 min,"
Mystery, Romance, Thriller            ",8.3,"339,466",$3.20M
351,The Last of the Mohicans,1992,112 min,"
Action, Adventure, Drama            ",7.7,"141,880",$75.51M
352,Stalker,1979,162 min,"
Drama, Sci-Fi            ",8.2,"105,989",$0.23M
353,Mad Max 2,1981,96 min,"
Action, Adventure, Sci-Fi            ",7.6,"159,982",$12.47M
354,Donnie Brasco,1997,127 min,"
Biography, Crime, Drama            ",7.7,"264,218",$41.91M
355,Idi i smotri,1985,142 min,"
Drama, War            ",8.3,"48,848",-
356,The Magnificent Seven,1960,128 min,"
Action, Adventure, Western            ",7.7,"83,952",$4.91M
357,Seven Pounds,2008,123 min,"
Drama            ",7.6,"277,379",$69.95M
358,The Lego Movie,2014,100 min,"
Animation, Action, Adventure            ",7.8,"314,463",$257.76M
359,Wreck-It Ralph,2012,101 min,"
Animation, Adventure, Comedy            ",7.7,"363,016",$189.42M
360,Chinatown,1974,130 min,"
Drama, Mystery, Thriller            ",8.2,"278,369",$29.20M
361,Beauty and the Beast,1991,84 min,"
Animation, Family, Fantasy            ",8.0,"403,875",$218.97M
362,Kick-Ass,2010,117 min,"
Action, Adventure, Comedy            ",7.6,"511,216",$48.07M
363,The Florida Project,2017,111 min,"
Drama            ",7.6,"82,001",$5.90M
364,Relatos salvajes,2014,122 min,"
Comedy, Drama, Thriller            ",8.1,"162,294",$3.11M
365,Breakfast at Tiffany's,1961,115 min,"
Comedy, Drama, Romance            ",7.7,"157,971",-
366,Taken,2008,90 min,"
Action, Thriller            ",7.8,"550,617",$145.00M
367,Apollo 13,1995,140 min,"
Adventure, Drama, History            ",7.6,"255,735",$173.84M
368,The Game,1997,129 min,"
Action, Drama, Mystery            ",7.8,"328,057",$48.32M
369,Hunt for the Wilderpeople,2016,101 min,"
Adventure, Comedy, Drama            ",7.9,"97,744",$5.20M
370,Searching,2018,102 min,"
Drama, Mystery, Thriller            ",7.6,"121,279",$26.02M
371,Inside Man,2006,129 min,"
Crime, Drama, Mystery            ",7.6,"323,685",$88.51M
372,The Blues Brothers,1980,133 min,"
Adventure, Comedy, Crime            ",7.9,"173,925",$57.23M
373,The Fighter,2010,116 min,"
Biography, Drama, Sport            ",7.8,"327,282",$93.62M
374,Y tu mamá también,2001,106 min,"
Drama            ",7.6,"110,787",$13.62M
375,Edward Scissorhands,1990,105 min,"
Drama, Fantasy, Romance            ",7.9,"429,185",$56.36M
376,First Blood,1982,93 min,"
Action, Adventure            ",7.7,"215,914",$47.21M
377,Lawrence of Arabia,1962,228 min,"
Adventure, Biography, Drama            ",8.3,"254,119",$44.82M
378,Dances with Wolves,1990,181 min,"
Adventure, Drama, Western            ",8.0,"229,753",$184.21M
379,Hotaru no haka,1988,89 min,"
Animation, Drama, War            ",8.5,"214,089",-
380,El cuerpo,2012,108 min,"
Mystery, Thriller            ",7.6,"50,217",-
381,Citizen Kane,1941,119 min,"
Drama, Mystery            ",8.3,"379,141",$1.59M
382,Who Framed Roger Rabbit,1988,104 min,"
Animation, Adventure, Comedy            ",7.7,"174,698",$156.45M
383,Lethal Weapon,1987,109 min,"
Action, Crime, Thriller            ",7.6,"227,364",$65.21M
384,It's a Wonderful Life,1946,130 min,"
Drama, Family, Fantasy            ",8.6,"378,584",-
385,Road to Perdition,2002,117 min,"
Crime, Drama, Thriller            ",7.7,"235,756",$104.45M
386,Toy Story 2,1999,92 min,"
Animation, Adventure, Comedy            ",7.9,"502,393",$245.85M
387,Blue Velvet,1986,120 min,"
Drama, Mystery, Thriller            ",7.8,"170,715",$8.55M
388,Interview with the Vampire: The Vampire Chronicles,1994,123 min,"
Drama, Horror            ",7.6,"283,907",$105.26M
389,Lolita,1962,153 min,"
Crime, Drama, Romance            ",7.6,"87,662",$9.25M
390,The Graduate,1967,106 min,"
Comedy, Drama, Romance            ",8.0,"245,295",$104.95M
391,Misery,1990,107 min,"
Drama, Thriller            ",7.8,"173,490",$61.28M
392,Close Encounters of the Third Kind,1977,138 min,"
Drama, Sci-Fi            ",7.6,"175,060",$132.09M
393,Andhadhun,2018,139 min,"
Crime, Thriller            ",8.3,"57,575",$1.37M
394,The Conversation,1974,113 min,"
Drama, Mystery, Thriller            ",7.8,"91,493",$4.42M
395,Man on Fire,2004,146 min,"
Action, Crime, Drama            ",7.7,"317,745",$77.91M
396,Black Hawk Down,2001,144 min,"
Drama, History, War            ",7.7,"351,426",$108.64M
397,District 9,2009,112 min,"
Action, Sci-Fi, Thriller            ",7.9,"620,999",$115.65M
398,Mr. Nobody,2009,141 min,"
Drama, Fantasy, Romance            ",7.8,"206,130",$0.00M
399,End of Watch,2012,109 min,"
Action, Crime, Drama            ",7.6,"219,676",$41.00M
400,The Fugitive,1993,130 min,"
Action, Crime, Drama            ",7.8,"255,146",$183.88M
401,The Hurt Locker,2008,131 min,"
Drama, Thriller, War            ",7.6,"406,220",$17.02M
402,(500) Days of Summer,2009,95 min,"
Comedy, Drama, Romance            ",7.7,"455,377",$32.39M
403,The Naked Gun: From the Files of Police Squad!,1988,85 min,"
Comedy, Crime            ",7.6,"143,158",$78.76M
404,The Untouchables,1987,119 min,"
Crime, Drama, Thriller            ",7.9,"266,130",$76.27M
405,Life of Pi,2012,127 min,"
Adventure, Drama, Fantasy            ",7.9,"557,250",$124.99M
406,The Boy in the Striped Pyjamas,2008,94 min,"
Drama, War            ",7.8,"180,282",$9.03M
407,Back to the Future Part II,1989,108 min,"
Adventure, Comedy, Sci-Fi            ",7.8,"451,074",$118.50M
408,Gifted,2017,101 min,"
Drama            ",7.6,"90,356",$24.80M
409,The Lady Vanishes,1938,96 min,"
Film-Noir, Mystery, Thriller            ",7.8,"44,678",-
410,American Gangster,2007,157 min,"
Biography, Crime, Drama            ",7.8,"377,778",$130.16M
411,Malcolm X,1992,202 min,"
Biography, Drama, History            ",7.7,"79,148",$48.17M
412,The Others,2001,101 min,"
Horror, Mystery, Thriller            ",7.6,"324,056",$96.52M
413,Rain Man,1988,133 min,"
Drama            ",8.0,"456,162",$178.80M
414,Primal Fear,1996,129 min,"
Crime, Drama, Mystery            ",7.7,"173,472",$56.12M
415,The Count of Monte Cristo,2002,131 min,"
Action, Adventure, Drama            ",7.8,"124,270",$54.23M
416,Goldfinger,1964,110 min,"
Action, Adventure, Thriller            ",7.7,"164,751",$51.08M
417,In Bruges,2008,107 min,"
Comedy, Crime, Drama            ",7.9,"376,151",$7.76M
418,How to Train Your Dragon,2010,98 min,"
Animation, Action, Adventure            ",8.1,"637,176",$217.58M
419,Star Trek Into Darkness,2013,132 min,"
Action, Adventure, Sci-Fi            ",7.7,"453,861",$228.78M
420,Captain Phillips,2013,134 min,"
Biography, Crime, Drama            ",7.8,"402,610",$107.10M
421,Gone Baby Gone,2007,114 min,"
Crime, Drama, Mystery            ",7.6,"241,171",$20.30M
422,The Sandlot,1993,101 min,"
Comedy, Drama, Family            ",7.8,"74,845",$32.42M
423,Willy Wonka & the Chocolate Factory,1971,100 min,"
Family, Fantasy, Musical            ",7.8,"169,086",$4.00M
424,The Bourne Supremacy,2004,108 min,"
Action, Mystery, Thriller            ",7.7,"419,478",$176.24M
425,Sleepers,1996,147 min,"
Crime, Drama, Thriller            ",7.6,"180,564",$49.10M
426,Kaze no tani no Naushika,1984,117 min,"
Animation, Adventure, Fantasy            ",8.1,"137,113",$0.50M
427,The Royal Tenenbaums,2001,110 min,"
Comedy, Drama            ",7.6,"255,099",$52.36M
428,Serenity,2005,119 min,"
Action, Adventure, Sci-Fi            ",7.8,"276,497",$25.51M
429,Fried Green Tomatoes,1991,130 min,"
Drama            ",7.7,"63,779",$82.42M
430,Deliverance,1972,109 min,"
Adventure, Drama, Thriller            ",7.7,"94,455",-
431,The Hunt for Red October,1990,135 min,"
Action, Adventure, Thriller            ",7.6,"170,667",$122.01M
432,Escape from Alcatraz,1979,112 min,"
Biography, Crime, Drama            ",7.6,"110,564",$43.00M
433,Nuovo Cinema Paradiso,1988,155 min,"
Drama            ",8.5,"214,155",$11.99M
434,"O Brother, Where Art Thou?",2000,107 min,"
Adventure, Comedy, Crime            ",7.7,"273,345",$45.51M
435,The Crow,1994,102 min,"
Action, Drama, Fantasy            ",7.6,"160,535",$50.69M
436,The Killing,1956,84 min,"
Crime, Drama, Film-Noir            ",8.0,"77,215",-
437,La piel que habito,2011,120 min,"
Drama, Horror, Thriller            ",7.6,"130,418",$3.19M
438,Das Boot,1981,149 min,"
Adventure, Drama, Thriller            ",8.3,"220,370",$11.49M
439,Akira,1988,124 min,"
Animation, Drama, Sci-Fi            ",8.0,"152,853",$0.55M
440,The Reader,2008,124 min,"
Drama, Romance            ",7.6,"223,700",$34.19M
441,Philadelphia,1993,125 min,"
Drama            ",7.7,"214,262",$77.32M
442,The Jungle Book,1967,78 min,"
Animation, Adventure, Family            ",7.6,"158,363",$141.84M
443,Rio Bravo,1959,141 min,"
Action, Drama, Western            ",8.0,"53,180",$12.54M
444,My Cousin Vinny,1992,120 min,"
Comedy, Crime            ",7.6,"100,957",$52.93M
445,The Bourne Ultimatum,2007,115 min,"
Action, Mystery, Thriller            ",8.0,"590,540",$227.47M
446,Singin' in the Rain,1952,103 min,"
Comedy, Musical, Romance            ",8.3,"207,027",$8.82M
447,When Harry Met Sally...,1989,95 min,"
Comedy, Drama, Romance            ",7.6,"185,419",$92.82M
448,Billy Elliot,2000,110 min,"
Drama, Music            ",7.7,"120,815",$22.00M
449,Jodaeiye Nader az Simin,2011,123 min,"
Drama            ",8.3,"207,892",$7.10M
450,Ang-ma-reul bo-at-da,2010,144 min,"
Action, Crime, Drama            ",7.8,"101,008",$0.13M
451,To Kill a Mockingbird,1962,129 min,"
Crime, Drama            ",8.2,"282,833",-
452,Dog Day Afternoon,1975,125 min,"
Biography, Crime, Drama            ",8.0,"225,673",$50.00M
453,Manbiki kazoku,2018,121 min,"
Crime, Drama            ",8.0,"48,776",$3.31M
454,Blazing Saddles,1974,93 min,"
Comedy, Western            ",7.7,"120,279",$119.50M
455,Bridge of Spies,2015,142 min,"
Drama, History, Thriller            ",7.6,"274,246",$72.31M
456,Traffic,2000,147 min,"
Crime, Drama, Thriller            ",7.6,"190,270",$124.12M
457,The Thin Red Line,1998,170 min,"
Drama, War            ",7.6,"165,759",$36.40M
458,The Invisible Man,1933,71 min,"
Comedy, Horror, Sci-Fi            ",7.7,"28,212",-
459,Butch Cassidy and the Sundance Kid,1969,110 min,"
Biography, Crime, Drama            ",8.0,"195,062",$102.31M
460,Boyhood,2014,165 min,"
Drama            ",7.9,"325,046",$25.38M
461,Brazil,1985,132 min,"
Drama, Sci-Fi            ",7.9,"180,740",$9.93M
462,Barry Lyndon,1975,185 min,"
Adventure, Drama, History            ",8.1,"139,977",-
463,Spartacus,1960,197 min,"
Adventure, Biography, Drama            ",7.9,"118,637",$30.00M
464,Per qualche dollaro in più,1965,132 min,"
Western            ",8.3,"218,674",$15.00M
465,Lost Highway,1997,134 min,"
Mystery, Thriller            ",7.6,"123,912",$3.80M
466,The Warriors,1979,92 min,"
Action, Crime, Thriller            ",7.6,"89,222",$22.49M
467,Network,1976,121 min,"
Drama            ",8.1,"137,747",-
468,Robin Hood,1973,83 min,"
Animation, Adventure, Comedy            ",7.6,"109,498",$32.06M
469,Die Hard: With a Vengeance,1995,128 min,"
Action, Adventure, Thriller            ",7.6,"351,341",$100.01M
470,Dirty Harry,1971,102 min,"
Action, Crime, Thriller            ",7.7,"137,187",$35.90M
471,North by Northwest,1959,136 min,"
Adventure, Mystery, Thriller            ",8.3,"283,986",$13.28M
472,Wo hu cang long,2000,120 min,"
Action, Adventure, Fantasy            ",7.8,"245,986",$128.08M
473,Fantastic Mr. Fox,2009,87 min,"
Animation, Adventure, Comedy            ",7.9,"186,201",$21.00M
474,Batoru rowaiaru,2000,114 min,"
Adventure, Drama, Sci-Fi            ",7.6,"163,467",-
475,Män som hatar kvinnor,2009,152 min,"
Crime, Drama, Mystery            ",7.8,"203,110",$10.10M
476,Sunset Blvd.,1950,110 min,"
Drama, Film-Noir            ",8.4,"189,165",-
477,Halloween,1978,91 min,"
Horror, Thriller            ",7.8,"217,370",$47.00M
478,Sling Blade,1996,135 min,"
Drama            ",8.0,"84,343",$24.48M
479,Enemy at the Gates,2001,131 min,"
Drama, History, War            ",7.6,"233,104",$51.40M
480,Life of Brian,1979,94 min,"
Comedy            ",8.1,"350,311",$20.05M
481,Fear and Loathing in Las Vegas,1998,118 min,"
Adventure, Comedy, Drama            ",7.6,"249,960",$10.68M
482,The Ten Commandments,1956,220 min,"
Adventure, Drama            ",7.8,"59,630",$93.74M
483,La migliore offerta,2013,131 min,"
Crime, Drama, Mystery            ",7.8,"101,417",$0.09M
484,3:10 to Yuma,2007,122 min,"
Action, Crime, Drama            ",7.7,"278,283",$53.61M
485,Tenkû no shiro Rapyuta,1986,125 min,"
Animation, Adventure, Drama            ",8.0,"138,626",-
486,Annie Hall,1977,93 min,"
Comedy, Romance            ",8.0,"243,555",$39.20M
487,Creed,2015,133 min,"
Drama, Sport            ",7.6,"236,297",$109.77M
488,Empire of the Sun,1987,153 min,"
Action, Drama, History            ",7.8,"109,992",$22.24M
489,La montaña sagrada,1973,114 min,"
Adventure, Drama, Fantasy            ",7.9,"33,875",$0.06M
490,Faa yeung nin wa,2000,98 min,"
Drama, Romance            ",8.1,"113,686",$2.73M
491,The Sting,1973,129 min,"
Comedy, Crime, Drama            ",8.3,"230,203",$159.60M
492,The Quiet Man,1952,129 min,"
Comedy, Drama, Romance            ",7.8,"33,039",$10.55M
493,Metropolis,1927,153 min,"
Drama, Sci-Fi            ",8.3,"151,636",$1.24M
494,Gattaca,1997,106 min,"
Drama, Sci-Fi, Thriller            ",7.8,"270,123",$12.34M
495,Per un pugno di dollari,1964,99 min,"
Action, Drama, Western            ",8.0,"186,489",$14.50M
496,Do the Right Thing,1989,120 min,"
Comedy, Drama            ",7.9,"79,700",$27.55M
497,Before Sunset,2004,80 min,"
Drama, Romance            ",8.0,"220,065",$5.82M
498,Ben-Hur,1959,212 min,"
Adventure, Drama, History            ",8.1,"209,474",$74.70M
499,Serbuan Maut,2011,101 min,"
Action, Thriller            ",7.6,"182,418",$4.11M
500,The Elephant Man,1980,124 min,"
Biography, Drama            ",8.1,"208,455",-
501,This Is Spinal Tap,1984,82 min,"
Comedy, Music            ",7.9,"124,060",$0.19M
502,Papillon,1973,151 min,"
Biography, Crime, Drama            ",8.0,"116,802",$53.27M
503,Majo no takkyûbin,1989,103 min,"
Animation, Adventure, Drama            ",7.9,"109,873",-
504,The Man from Earth,2007,87 min,"
Drama, Fantasy, Sci-Fi            ",7.9,"166,144",-
505,"Paris, Texas",1984,145 min,"
Drama            ",8.1,"81,135",$2.18M
506,The Birds,1963,119 min,"
Drama, Horror, Mystery            ",7.7,"162,286",$11.40M
507,The Boondock Saints,1999,108 min,"
Action, Crime, Thriller            ",7.8,"221,875",$0.03M
508,The Apartment,1960,125 min,"
Comedy, Drama, Romance            ",8.3,"153,224",$18.60M
509,The Fly,1986,96 min,"
Drama, Horror, Sci-Fi            ",7.5,"151,580",$40.46M
510,Seppuku,1962,133 min,"
Action, Drama, History            ",8.7,"31,651",-
511,Only the Brave,2017,134 min,"
Action, Biography, Drama            ",7.7,"51,985",$18.34M
512,The Outlaw Josey Wales,1976,135 min,"
Western            ",7.9,"62,506",$31.80M
513,The Abyss,1989,171 min,"
Adventure, Drama, Mystery            ",7.6,"156,514",$54.46M
514,Dogville,2003,178 min,"
Crime, Drama            ",8.0,"131,589",$1.53M
515,Eastern Promises,2007,100 min,"
Action, Crime, Drama            ",7.6,"220,077",$17.11M
516,Solaris,1972,167 min,"
Drama, Mystery, Sci-Fi            ",8.1,"74,724",-
517,Despicable Me,2010,95 min,"
Animation, Comedy, Family            ",7.6,"481,715",$251.51M
518,Ran,1985,162 min,"
Action, Drama            ",8.2,"104,615",$3.52M
519,Being John Malkovich,1999,113 min,"
Comedy, Drama, Fantasy            ",7.7,"297,206",$22.86M
520,50/50,2011,100 min,"
Comedy, Drama, Romance            ",7.6,"307,744",$35.01M
521,Dawn of the Dead,1978,127 min,"
Horror, Thriller            ",7.9,"107,085",$5.10M
522,The Fall,2006,117 min,"
Adventure, Drama, Fantasy            ",7.9,"104,071",$2.28M
523,Rise of the Planet of the Apes,2011,105 min,"
Action, Drama, Sci-Fi            ",7.6,"484,142",$176.76M
524,Badlands,1973,94 min,"
Crime, Drama            ",7.8,"61,724",-
525,Snow White and the Seven Dwarfs,1937,83 min,"
Animation, Family, Fantasy            ",7.6,"172,702",$184.93M
526,Dark City,1998,100 min,"
Mystery, Sci-Fi, Thriller            ",7.6,"181,870",$14.38M
527,A Bronx Tale,1993,121 min,"
Crime, Drama, Romance            ",7.8,"121,820",$17.27M
528,Guess Who's Coming to Dinner,1967,108 min,"
Comedy, Drama            ",7.8,"36,931",$56.70M
529,Madeo,2009,129 min,"
Crime, Drama, Thriller            ",7.8,"44,069",$0.55M
530,Coraline,2009,100 min,"
Animation, Drama, Family            ",7.7,"185,860",$75.29M
531,Before Midnight,2013,109 min,"
Drama, Romance            ",7.9,"130,659",$8.11M
532,Carlito's Way,1993,144 min,"
Crime, Drama, Thriller            ",7.9,"191,921",$36.95M
533,Midnight Cowboy,1969,113 min,"
Drama            ",7.8,"95,721",$44.79M
534,Yip Man,2008,106 min,"
Action, Biography, Drama            ",8.0,"202,850",-
535,The Illusionist,2006,110 min,"
Drama, Fantasy, History            ",7.6,"345,099",$39.87M
536,Planet of the Apes,1968,112 min,"
Adventure, Sci-Fi            ",8.0,"160,126",$33.40M
537,The Dirty Dozen,1967,150 min,"
Action, Adventure, War            ",7.8,"64,130",$45.30M
538,The Color Purple,1985,154 min,"
Drama            ",7.8,"74,217",$98.47M
539,Dawn of the Planet of the Apes,2014,130 min,"
Action, Adventure, Drama            ",7.6,"400,705",$208.55M
540,Bonnie and Clyde,1967,111 min,"
Action, Biography, Crime            ",7.8,"98,008",-
541,Kôkaku Kidôtai,1995,83 min,"
Animation, Action, Crime            ",8.0,"121,696",$0.52M
542,Kramer vs. Kramer,1979,105 min,"
Drama            ",7.8,"125,216",$106.26M
543,La grande bellezza,2013,141 min,"
Drama            ",7.8,"76,178",$2.85M
544,Lucky Number Slevin,2006,110 min,"
Crime, Drama, Mystery            ",7.7,"293,498",$22.49M
545,Red River,1948,133 min,"
Action, Adventure, Romance            ",7.8,"26,631",-
546,Bound by Honor,1993,180 min,"
Crime, Drama            ",8.0,"27,605",$4.50M
547,Star Trek II: The Wrath of Khan,1982,113 min,"
Action, Adventure, Sci-Fi            ",7.7,"108,641",$78.91M
548,Ray,2004,152 min,"
Biography, Drama, Music            ",7.7,"132,722",$75.33M
549,Hachi: A Dog's Tale,2009,93 min,"
Drama, Family            ",8.1,"237,224",-
550,Paddington 2,2017,103 min,"
Adventure, Comedy, Family            ",7.8,"54,529",$40.44M
551,Night of the Living Dead,1968,96 min,"
Horror            ",7.9,"110,315",$0.09M
552,High Noon,1952,85 min,"
Drama, Thriller, Western            ",7.9,"93,616",$9.45M
553,Changeling,2008,141 min,"
Biography, Crime, Drama            ",7.7,"228,764",$35.74M
554,Glory,1989,122 min,"
Biography, Drama, History            ",7.8,"116,076",$26.83M
555,Beasts of No Nation,2015,137 min,"
Drama, War            ",7.7,"68,294",$0.08M
556,La haine,1995,98 min,"
Crime, Drama            ",8.1,"138,423",$0.31M
557,Gangs of Wasseypur,2012,321 min,"
Action, Comedy, Crime            ",8.2,"73,853",-
558,Kari-gurashi no Arietti,2010,94 min,"
Animation, Adventure, Family            ",7.6,"73,074",$19.20M
559,Paths of Glory,1957,88 min,"
Drama, War            ",8.4,"166,182",-
560,Zimna wojna,2018,89 min,"
Drama, History, Music            ",7.6,"42,068",$4.57M
561,PK,2014,153 min,"
Comedy, Drama, Fantasy            ",8.1,"149,139",$10.62M
562,Amores perros,2000,154 min,"
Drama, Thriller            ",8.1,"214,003",$5.38M
563,Adaptation.,2002,115 min,"
Comedy, Drama            ",7.7,"170,196",$22.25M
564,"Planes, Trains & Automobiles",1987,93 min,"
Comedy, Drama            ",7.6,"116,375",$49.53M
565,Clerks,1994,92 min,"
Comedy            ",7.7,"206,634",$3.15M
566,In the Name of the Father,1993,133 min,"
Biography, Drama            ",8.1,"148,008",$25.01M
567,Koe no katachi,2016,130 min,"
Animation, Drama, Family            ",8.2,"34,686",-
568,JFK,1991,189 min,"
Drama, History, Thriller            ",8.0,"135,328",$70.41M
569,After Hours,1985,97 min,"
Comedy, Crime, Drama            ",7.7,"53,865",$10.60M
570,Flipped,2010,90 min,"
Comedy, Drama, Romance            ",7.7,"77,729",$1.75M
571,Taare Zameen Par,2007,165 min,"
Drama, Family            ",8.4,"153,559",$1.22M
572,M - Eine Stadt sucht einen Mörder,1931,117 min,"
Crime, Mystery, Thriller            ",8.3,"134,908",$0.03M
573,The Wrestler,2008,109 min,"
Drama, Sport            ",7.9,"282,772",$26.24M
574,Lord of War,2005,122 min,"
Action, Crime, Drama            ",7.6,"285,364",$24.15M
575,Enter the Dragon,1973,102 min,"
Action, Crime, Drama            ",7.7,"92,186",$25.00M
576,A Streetcar Named Desire,1951,122 min,"
Drama            ",8.0,"94,862",$8.00M
577,The Bridge on the River Kwai,1957,161 min,"
Adventure, Drama, War            ",8.1,"193,745",$44.91M
578,Sing Street,2016,106 min,"
Comedy, Drama, Music            ",7.9,"79,816",$3.24M
579,Giant,1956,201 min,"
Drama, Western            ",7.6,"32,417",$35.00M
580,The French Connection,1971,104 min,"
Action, Crime, Drama            ",7.7,"104,119",$0.80M
581,Hotel Rwanda,2004,121 min,"
Biography, Drama, History            ",8.1,"323,203",$23.53M
582,Awakenings,1990,121 min,"
Biography, Drama            ",7.8,"117,159",$52.10M
583,Letters from Iwo Jima,2006,141 min,"
Action, Adventure, Drama            ",7.9,"149,667",$13.76M
584,Gake no ue no Ponyo,2008,101 min,"
Animation, Adventure, Comedy            ",7.7,"112,917",$15.09M
585,Midnight Express,1978,121 min,"
Biography, Crime, Drama            ",7.6,"69,276",$35.00M
586,The Man Who Shot Liberty Valance,1962,123 min,"
Drama, Western            ",8.1,"65,339",-
587,Roman Holiday,1953,118 min,"
Comedy, Romance            ",8.0,"121,608",-
588,The Nightmare Before Christmas,1993,76 min,"
Animation, Family, Fantasy            ",8.0,"280,043",$75.08M
589,The Last Picture Show,1971,118 min,"
Drama, Romance            ",8.0,"39,638",$29.13M
590,Cool Hand Luke,1967,127 min,"
Crime, Drama            ",8.1,"154,699",$16.22M
591,The Insider,1999,157 min,"
Biography, Drama, Thriller            ",7.8,"154,214",$28.97M
592,Gandhi,1982,191 min,"
Biography, Drama, History            ",8.0,"212,037",$52.77M
593,A Little Princess,1995,97 min,"
Drama, Family, Fantasy            ",7.7,"30,689",$10.02M
594,I Am Sam,2001,132 min,"
Drama            ",7.7,"139,064",$40.31M
595,Kaguyahime no monogatari,2013,137 min,"
Animation, Adventure, Drama            ",8.0,"32,702",$1.51M
596,Witness for the Prosecution,1957,116 min,"
Crime, Drama, Film-Noir            ",8.4,"99,593",$8.18M
597,Falling Down,1993,113 min,"
Crime, Drama, Thriller            ",7.6,"162,163",$40.90M
598,All the President's Men,1976,138 min,"
Biography, Drama, History            ",8.0,"97,032",$70.60M
599,Der Name der Rose,1986,130 min,"
Crime, Drama, Mystery            ",7.7,"97,434",$7.15M
600,Doctor Zhivago,1965,197 min,"
Drama, Romance, War            ",8.0,"66,765",$111.72M
601,Rashômon,1950,88 min,"
Crime, Drama, Mystery            ",8.2,"142,931",$0.10M
602,Charade,1963,113 min,"
Comedy, Mystery, Romance            ",7.9,"63,518",$13.47M
603,Mommy,2014,139 min,"
Drama            ",8.1,"46,244",$3.49M
604,Pâfekuto burû,1997,81 min,"
Animation, Horror, Mystery            ",8.0,"49,708",$0.78M
605,Låt den rätte komma in,2008,114 min,"
Drama, Horror, Romance            ",7.9,"199,799",$2.12M
606,Cinderella Man,2005,144 min,"
Biography, Drama, History            ",8.0,"170,672",$61.65M
607,The Artist,2011,100 min,"
Comedy, Drama, Romance            ",7.9,"223,039",$44.67M
608,The King of Comedy,1982,109 min,"
Comedy, Crime, Drama            ",7.8,"79,539",$2.50M
609,Rebecca,1940,130 min,"
Drama, Mystery, Romance            ",8.1,"115,737",$4.36M
610,8½,1963,138 min,"
Drama            ",8.0,"103,281",$0.05M
611,Drishyam,2015,163 min,"
Crime, Drama, Mystery            ",8.2,"60,728",$0.74M
612,This Is England,2006,101 min,"
Crime, Drama            ",7.7,"112,589",$0.33M
613,Persona,1966,85 min,"
Drama, Thriller            ",8.1,"93,597",-
614,À bout de souffle,1960,90 min,"
Crime, Drama            ",7.9,"68,369",$0.34M
615,Days of Heaven,1978,94 min,"
Drama, Romance            ",7.9,"48,748",-
616,On the Waterfront,1954,108 min,"
Crime, Drama, Thriller            ",8.1,"134,445",$9.60M
617,Rushmore,1998,93 min,"
Comedy, Drama            ",7.7,"162,431",$17.11M
618,"Synecdoche, New York",2008,124 min,"
Comedy, Drama            ",7.6,"76,672",$3.08M
619,Glengarry Glen Ross,1992,100 min,"
Crime, Drama, Mystery            ",7.7,"91,617",$10.73M
620,Rebel Without a Cause,1955,111 min,"
Drama            ",7.7,"79,474",-
621,Miller's Crossing,1990,115 min,"
Crime, Drama, Thriller            ",7.8,"121,582",$5.08M
622,My Fair Lady,1964,170 min,"
Drama, Family, Musical            ",7.8,"82,890",$72.00M
623,Kis Uykusu,2014,196 min,"
Drama            ",8.2,"40,701",$0.17M
624,Short Term 12,2013,96 min,"
Drama            ",8.0,"77,103",$1.01M
625,What Ever Happened to Baby Jane?,1962,134 min,"
Drama, Horror, Thriller            ",8.1,"47,398",$4.05M
626,Funny Games,1997,108 min,"
Crime, Drama, Thriller            ",7.6,"60,155",-
627,Chaplin,1992,143 min,"
Biography, Comedy, Drama            ",7.6,"51,345",$9.49M
628,Chung Hing sam lam,1994,102 min,"
Comedy, Crime, Drama            ",8.1,"56,881",$0.60M
629,Serbuan Maut 2: Berandal,2014,150 min,"
Action, Crime, Thriller            ",8.0,"108,875",$2.63M
630,In the Heat of the Night,1967,110 min,"
Crime, Drama, Mystery            ",7.9,"63,645",$24.38M
631,A Man for All Seasons,1966,120 min,"
Biography, Drama, History            ",7.7,"29,532",$28.35M
632,Bãhubali: The Beginning,2015,159 min,"
Action, Drama            ",8.1,"97,219",$6.74M
633,Kurenai no buta,1992,94 min,"
Animation, Adventure, Comedy            ",7.7,"68,977",-
634,The Searchers,1956,119 min,"
Adventure, Drama, Western            ",7.9,"76,231",-
635,Dangerous Liaisons,1988,119 min,"
Drama, Romance            ",7.6,"61,901",$34.70M
636,Rope,1948,80 min,"
Crime, Drama, Mystery            ",8.0,"121,281",-
637,Der Himmel über Berlin,1987,128 min,"
Drama, Fantasy, Romance            ",8.0,"60,850",$3.33M
638,Perfetti sconosciuti,2016,96 min,"
Comedy, Drama            ",7.8,"51,136",-
639,Manhattan,1979,96 min,"
Comedy, Drama, Romance            ",7.9,"126,111",$45.70M
640,National Lampoon's Christmas Vacation,1989,97 min,"
Comedy            ",7.6,"146,630",$71.32M
641,Blood Simple,1984,99 min,"
Crime, Drama, Thriller            ",7.6,"82,829",$2.15M
642,Evil Dead II,1987,84 min,"
Comedy, Horror            ",7.8,"141,736",$5.92M
643,Naked,1993,132 min,"
Comedy, Drama            ",7.8,"31,987",$1.77M
644,Shane,1953,118 min,"
Drama, Western            ",7.6,"35,141",$20.00M
645,The Muppet Movie,1979,95 min,"
Adventure, Comedy, Family            ",7.6,"30,939",$76.66M
646,La dolce vita,1960,174 min,"
Comedy, Drama            ",8.0,"62,177",$19.52M
647,Zerkalo,1975,107 min,"
Biography, Drama            ",8.1,"35,724",$0.18M
648,Modern Times,1936,87 min,"
Comedy, Drama, Family            ",8.5,"203,596",$0.16M
649,The Last Emperor,1987,163 min,"
Biography, Drama, History            ",7.7,"88,967",$43.98M
650,Kung fu,2004,99 min,"
Action, Comedy, Fantasy            ",7.7,"121,483",$17.11M
651,The Bridges of Madison County,1995,135 min,"
Drama, Romance            ",7.6,"68,688",$71.52M
652,Le locataire,1976,126 min,"
Drama, Thriller            ",7.7,"36,775",$1.92M
653,21 Grams,2003,124 min,"
Crime, Drama, Thriller            ",7.7,"217,938",$16.25M
654,Finding Neverland,2004,106 min,"
Biography, Drama, Family            ",7.7,"194,154",$51.68M
655,How to Train Your Dragon 2,2014,102 min,"
Animation, Action, Adventure            ",7.8,"292,112",$177.00M
656,The Third Man,1949,104 min,"
Film-Noir, Mystery, Thriller            ",8.1,"151,340",$0.45M
657,Dancer in the Dark,2000,140 min,"
Crime, Drama, Musical            ",8.0,"97,603",$4.18M
658,All That Jazz,1979,123 min,"
Drama, Music, Musical            ",7.9,"25,954",$37.82M
659,Chinjeolhan geumjassi,2005,115 min,"
Crime, Drama, Thriller            ",7.6,"67,733",$0.21M
660,Ed Wood,1994,127 min,"
Biography, Comedy, Drama            ",7.8,"160,884",$5.89M
661,Fiddler on the Roof,1971,181 min,"
Drama, Family, Musical            ",8.0,"36,975",$80.50M
662,The Remains of the Day,1993,134 min,"
Drama, Romance            ",7.8,"61,352",$22.95M
663,All About Eve,1950,138 min,"
Drama            ",8.2,"114,387",$0.01M
664,Ajeossi,2010,119 min,"
Action, Drama, Thriller            ",7.8,"58,405",$0.01M
665,Double Indemnity,1944,107 min,"
Crime, Drama, Film-Noir            ",8.3,"135,053",$5.72M
666,Blowup,1966,111 min,"
Drama, Mystery, Thriller            ",7.6,"53,206",-
667,Me and Earl and the Dying Girl,2015,105 min,"
Comedy, Drama, Romance            ",7.7,"117,522",$6.74M
668,Thank You for Smoking,2005,92 min,"
Comedy, Drama            ",7.6,"209,214",$24.79M
669,October Sky,1999,108 min,"
Biography, Drama, Family            ",7.8,"78,175",$32.48M
670,Loving Vincent,2017,94 min,"
Animation, Biography, Crime            ",7.8,"45,206",$6.74M
671,Underground,1995,170 min,"
Comedy, Drama, War            ",8.1,"52,821",$0.17M
672,Ordinary People,1980,124 min,"
Drama            ",7.7,"44,317",$54.80M
673,Gully Boy,2019,153 min,"
Drama, Musical            ",8.2,"25,567",$5.57M
674,Victoria,2015,138 min,"
Crime, Drama, Romance            ",7.6,"48,139",-
675,Todo sobre mi madre,1999,101 min,"
Drama            ",7.8,"84,610",$8.26M
676,Chugyeogja,2008,125 min,"
Action, Crime, Thriller            ",7.9,"53,424",-
677,The Iron Giant,1999,86 min,"
Animation, Action, Adventure            ",8.0,"164,279",$23.16M
678,The Great Dictator,1940,125 min,"
Comedy, Drama, War            ",8.4,"191,080",-
679,25th Hour,2002,135 min,"
Drama            ",7.6,"165,563",$13.06M
680,Smultronstället,1957,91 min,"
Drama, Romance            ",8.2,"89,049",-
681,Ying xiong,2002,107 min,"
Action, Adventure, History            ",7.9,"169,800",$53.71M
682,Cabaret,1972,124 min,"
Drama, Musical            ",7.8,"45,886",$42.77M
683,Amour,2012,127 min,"
Drama, Romance            ",7.9,"88,577",$6.74M
684,Fantasia,1940,125 min,"
Animation, Family, Fantasy            ",7.8,"84,795",$76.41M
685,Barton Fink,1991,116 min,"
Comedy, Drama, Thriller            ",7.7,"108,149",$6.15M
686,My Left Foot: The Story of Christy Brown,1989,103 min,"
Biography, Drama            ",7.9,"64,000",$14.74M
687,Sabrina,1954,113 min,"
Comedy, Drama, Romance            ",7.7,"55,936",-
688,Bacheha-Ye aseman,1997,89 min,"
Drama, Family, Sport            ",8.3,"58,808",$0.93M
689,The Right Stuff,1983,193 min,"
Adventure, Biography, Drama            ",7.8,"53,978",$21.50M
690,The Day of the Jackal,1973,143 min,"
Crime, Drama, Thriller            ",7.8,"35,631",$16.06M
691,Detachment,2011,98 min,"
Drama            ",7.7,"72,599",$0.07M
692,Mary and Max,2009,92 min,"
Animation, Comedy, Drama            ",8.1,"157,099",-
693,Andrei Rublev,1966,205 min,"
Biography, Drama, History            ",8.2,"42,390",$0.10M
694,Harold and Maude,1971,91 min,"
Comedy, Drama, Romance            ",7.9,"67,837",-
695,Nebraska,2013,115 min,"
Adventure, Comedy, Drama            ",7.7,"108,585",$17.65M
696,City Lights,1931,87 min,"
Comedy, Drama, Romance            ",8.5,"156,724",$0.02M
697,Tengoku to jigoku,1963,143 min,"
Crime, Drama, Mystery            ",8.5,"27,055",-
698,Papurika,2006,90 min,"
Animation, Drama, Fantasy            ",7.7,"65,346",$0.88M
699,The Last King of Scotland,2006,123 min,"
Biography, Drama, History            ",7.7,"170,055",$17.61M
700,The Life of David Gale,2003,130 min,"
Crime, Drama, Thriller            ",7.6,"104,715",$19.59M
701,Les quatre cents coups,1959,99 min,"
Crime, Drama            ",8.1,"97,647",-
702,The Killing Fields,1984,141 min,"
Biography, Drama, History            ",7.8,"49,297",$34.70M
703,The Maltese Falcon,1941,100 min,"
Film-Noir, Mystery            ",8.0,"144,349",$2.11M
704,Happiness,1998,134 min,"
Comedy, Drama            ",7.7,"64,226",$2.81M
705,Trois couleurs: Bleu,1993,94 min,"
Drama, Music, Mystery            ",7.9,"82,609",$1.32M
706,Belle de jour,1967,100 min,"
Drama            ",7.7,"37,654",$0.03M
707,The Longest Day,1962,178 min,"
Action, Drama, History            ",7.8,"50,519",$39.10M
708,Fanny och Alexander,1982,188 min,"
Drama            ",8.1,"54,109",$4.97M
709,The Straight Story,1999,112 min,"
Biography, Drama            ",8.0,"77,550",$6.20M
710,Nosferatu,1922,94 min,"
Fantasy, Horror            ",7.9,"84,481",-
711,Ikiru,1952,143 min,"
Drama            ",8.3,"62,343",$0.06M
712,Pride,2014,119 min,"
Biography, Comedy, Drama            ",7.8,"48,921",-
713,Kaze tachinu,2013,126 min,"
Animation, Biography, Drama            ",7.8,"65,037",$5.21M
714,Ladri di biciclette,1948,89 min,"
Drama            ",8.3,"135,826",$0.33M
715,From Here to Eternity,1953,118 min,"
Drama, Romance, War            ",7.6,"41,030",$30.50M
716,King Kong,1933,100 min,"
Adventure, Horror, Sci-Fi            ",7.9,"76,074",$10.00M
717,The Wild Bunch,1969,135 min,"
Action, Adventure, Western            ",7.9,"74,532",$12.06M
718,Lola rennt,1998,81 min,"
Crime, Drama, Thriller            ",7.6,"183,121",$7.27M
719,Kubo and the Two Strings,2016,101 min,"
Animation, Action, Adventure            ",7.8,"111,847",$48.02M
720,Mississippi Burning,1988,128 min,"
Crime, Drama, History            ",7.8,"82,693",$34.60M
721,The Manchurian Candidate,1962,126 min,"
Drama, Thriller            ",7.9,"69,188",-
722,Being There,1979,130 min,"
Comedy, Drama            ",8.0,"62,673",$30.18M
723,La Vie En Rose,2007,140 min,"
Biography, Drama, Music            ",7.6,"79,815",$10.30M
724,Pink Floyd: The Wall,1982,95 min,"
Animation, Drama, Fantasy            ",8.0,"73,053",$22.24M
725,Gettysburg,1993,271 min,"
Drama, History, War            ",7.6,"25,192",$10.77M
726,The Secret of NIMH,1982,82 min,"
Animation, Adventure, Drama            ",7.6,"34,657",$10.14M
727,Boksuneun naui geot,2002,129 min,"
Action, Drama, Thriller            ",7.6,"58,964",$0.05M
728,Repulsion,1965,105 min,"
Drama, Horror, Thriller            ",7.7,"46,076",-
729,Uri: The Surgical Strike,2019,138 min,"
Action, Drama, War            ",8.3,"37,936",$4.19M
730,Yôjinbô,1961,110 min,"
Action, Drama, Thriller            ",8.2,"103,542",-
731,Le mépris,1963,103 min,"
Drama, Romance            ",7.6,"26,365",$0.04M
732,En man som heter Ove,2015,116 min,"
Comedy, Drama, Romance            ",7.7,"42,794",$3.36M
733,The African Queen,1951,105 min,"
Adventure, Drama, Romance            ",7.7,"68,726",$0.54M
734,Strangers on a Train,1951,101 min,"
Crime, Film-Noir, Thriller            ",8.0,"118,148",$7.63M
735,Breaking the Waves,1996,159 min,"
Drama            ",7.9,"59,600",$4.04M
736,"I, Daniel Blake",2016,100 min,"
Drama            ",7.9,"48,373",$0.26M
737,The Day the Earth Stood Still,1951,92 min,"
Drama, Sci-Fi            ",7.7,"74,334",-
738,Where Eagles Dare,1968,158 min,"
Action, Adventure, War            ",7.7,"49,348",-
739,Das Cabinet des Dr. Caligari,1920,76 min,"
Fantasy, Horror, Mystery            ",8.1,"53,425",-
740,Zindagi Na Milegi Dobara,2011,155 min,"
Comedy, Drama            ",8.1,"62,548",$3.11M
741,Trois couleurs: Rouge,1994,99 min,"
Drama, Mystery, Romance            ",8.1,"84,165",$4.04M
742,The Treasure of the Sierra Madre,1948,126 min,"
Adventure, Drama, Western            ",8.2,"108,222",$5.01M
743,The Big Sleep,1946,114 min,"
Crime, Film-Noir, Mystery            ",7.9,"75,991",$6.54M
744,Hedwig and the Angry Inch,2001,95 min,"
Comedy, Drama, Music            ",7.7,"30,722",$3.03M
745,Patton,1970,172 min,"
Biography, Drama, War            ",7.9,"90,749",$61.70M
746,K.G.F: Chapter 1,2018,156 min,"
Action, Drama            ",8.2,"28,874",-
747,Anatomy of a Murder,1959,161 min,"
Crime, Drama, Mystery            ",8.0,"56,325",$11.90M
748,"Shin seiki Evangelion Gekijô-ban: Air/Magokoro wo, kimi ni",1997,87 min,"
Animation, Action, Drama            ",8.1,"33,569",-
749,Delicatessen,1991,99 min,"
Comedy, Crime            ",7.6,"77,474",$1.79M
750,Hable con ella,2002,112 min,"
Drama, Mystery, Romance            ",7.9,"100,585",$9.28M
751,Paper Moon,1973,102 min,"
Comedy, Drama            ",8.0,"39,723",$30.93M
752,Abre los ojos,1997,117 min,"
Drama, Mystery, Sci-Fi            ",7.8,"61,495",$0.37M
753,Bom yeoreum gaeul gyeoul geurigo bom,2003,103 min,"
Drama, Romance            ",8.0,"73,728",$2.38M
754,Le samouraï,1967,105 min,"
Crime, Drama, Mystery            ",8.1,"42,016",$0.04M
755,Dead Man,1995,121 min,"
Adventure, Drama, Fantasy            ",7.6,"86,734",$1.04M
756,Hamlet,1996,242 min,"
Drama            ",7.7,"35,034",$4.41M
757,Fitzcarraldo,1982,158 min,"
Adventure, Drama            ",8.1,"29,150",-
758,On Golden Pond,1981,109 min,"
Drama            ",7.6,"26,334",$119.29M
759,Kelly's Heroes,1970,144 min,"
Adventure, Comedy, War            ",7.6,"43,179",$1.38M
760,La double vie de Véronique,1991,98 min,"
Drama, Fantasy, Music            ",7.8,"38,743",$2.00M
761,Das weiße Band - Eine deutsche Kindergeschichte,2009,144 min,"
Drama, History, Mystery            ",7.8,"65,337",$2.22M
762,Zwartboek,2006,145 min,"
Drama, Thriller, War            ",7.7,"70,234",$4.40M
763,The Night of the Hunter,1955,92 min,"
Crime, Drama, Film-Noir            ",8.0,"77,891",$0.65M
764,Die Welle,2008,107 min,"
Drama, Thriller            ",7.6,"98,472",-
765,Volver,2006,121 min,"
Comedy, Drama            ",7.6,"91,133",$12.90M
766,Notorious,1946,102 min,"
Drama, Film-Noir, Romance            ",7.9,"88,118",$10.46M
767,Waking Life,2001,99 min,"
Animation, Drama, Fantasy            ",7.8,"58,784",$2.89M
768,The Lion in Winter,1968,134 min,"
Biography, Drama, History            ",7.9,"27,893",$22.28M
769,Amarcord,1973,123 min,"
Comedy, Drama            ",7.9,"37,429",-
770,Stagecoach,1939,96 min,"
Adventure, Drama, Western            ",7.9,"40,489",-
771,Short Cuts,1993,188 min,"
Comedy, Drama            ",7.7,"40,777",$6.11M
772,Judgment at Nuremberg,1961,179 min,"
Drama, War            ",8.2,"65,091",-
773,Lagaan: Once Upon a Time in India,2001,224 min,"
Adventure, Drama, Musical            ",8.1,"98,401",$0.07M
774,Un long dimanche de fiançailles,2004,133 min,"
Drama, Mystery, Romance            ",7.6,"69,388",$6.17M
775,East of Eden,1955,118 min,"
Drama            ",7.9,"38,367",-
776,"Aguirre, der Zorn Gottes",1972,95 min,"
Action, Adventure, Biography            ",7.9,"49,176",-
777,Giù la testa,1971,157 min,"
Drama, War, Western            ",7.7,"28,027",-
778,The Best Years of Our Lives,1946,170 min,"
Drama, Romance, War            ",8.0,"55,117",$23.65M
779,The Red Shoes,1948,135 min,"
Drama, Music, Romance            ",8.1,"28,160",$10.90M
780,Once,2007,86 min,"
Drama, Music, Romance            ",7.8,"107,465",$9.44M
781,Le Petit Prince,2015,108 min,"
Animation, Adventure, Drama            ",7.7,"53,079",$1.34M
782,El ángel exterminador,1962,95 min,"
Drama, Fantasy            ",8.1,"27,485",-
783,Freaks,1932,64 min,"
Drama            ",7.9,"40,132",-
784,It Happened One Night,1934,105 min,"
Comedy, Romance            ",8.1,"88,593",$4.36M
785,Vozvrashchenie,2003,110 min,"
Drama            ",8.0,"40,041",$0.50M
786,Good Bye Lenin!,2003,121 min,"
Comedy, Drama, Romance            ",7.7,"132,974",$4.06M
787,Mimi wo sumaseba,1995,111 min,"
Animation, Drama, Family            ",8.0,"43,479",-
788,All Quiet on the Western Front,1930,152 min,"
Drama, War            ",8.0,"55,198",$3.27M
789,The Verdict,1982,129 min,"
Drama            ",7.7,"33,846",$54.00M
790,Forushande,2016,124 min,"
Drama, Thriller            ",7.8,"45,808",$2.40M
791,La leggenda del pianista sull'oceano,1998,169 min,"
Drama, Music, Romance            ",8.1,"55,783",$0.26M
792,Le scaphandre et le papillon,2007,112 min,"
Biography, Drama            ",8.0,"100,523",$5.99M
793,Ayla: The Daughter of War,2017,125 min,"
Biography, Drama, History            ",8.5,"29,907",-
794,"Swades: We, the People",2004,210 min,"
Drama            ",8.2,"78,287",$1.22M
795,Who's Afraid of Virginia Woolf?,1966,131 min,"
Drama            ",8.0,"66,372",-
796,The Grapes of Wrath,1940,129 min,"
Drama, History            ",8.0,"83,298",$0.06M
797,The Philadelphia Story,1940,112 min,"
Comedy, Romance            ",7.9,"60,609",-
798,The Kid,1921,68 min,"
Comedy, Drama, Family            ",8.3,"104,681",$5.45M
799,Withnail & I,1987,107 min,"
Comedy, Drama            ",7.7,"38,137",$1.54M
800,Un prophète,2009,155 min,"
Crime, Drama            ",7.9,"90,272",$2.08M
801,Kumonosu-jô,1957,110 min,"
Drama, History            ",8.1,"42,191",-
802,Song of the Sea,2014,93 min,"
Animation, Adventure, Drama            ",8.1,"47,238",$0.86M
803,Mou gaan dou,2002,101 min,"
Crime, Drama, Mystery            ",8.0,"114,547",$0.17M
804,Tropa de Elite,2007,115 min,"
Action, Crime, Drama            ",8.1,"94,752",$0.01M
805,The Hurricane,1999,146 min,"
Biography, Drama, Sport            ",7.6,"88,601",$50.67M
806,Eskiya,1996,128 min,"
Crime, Drama, Thriller            ",8.3,"59,205",-
807,Babam ve Oglum,2005,108 min,"
Drama, Family            ",8.3,"72,977",-
808,Zulu,1964,138 min,"
Drama, History, War            ",7.7,"34,371",-
809,Les choristes,2004,97 min,"
Drama, Music            ",7.9,"54,762",$3.64M
810,Leviafan,2014,140 min,"
Crime, Drama            ",7.6,"46,042",$1.09M
811,Frankenstein,1931,70 min,"
Drama, Horror, Sci-Fi            ",7.8,"61,663",-
812,Tôkyô monogatari,1953,136 min,"
Drama            ",8.2,"47,459",-
813,The Producers,1967,88 min,"
Comedy, Music            ",7.6,"47,882",$0.11M
814,Trois couleurs: Blanc,1994,92 min,"
Comedy, Drama, Romance            ",7.7,"58,961",$1.46M
815,Under sandet,2015,100 min,"
Drama, History, War            ",7.8,"31,339",$0.44M
816,My Name Is Khan,2010,165 min,"
Drama            ",8.0,"94,274",$4.02M
817,The Message,1976,177 min,"
Biography, Drama, History            ",8.2,"41,481",-
818,Ivanovo detstvo,1962,95 min,"
Drama, War            ",8.1,"28,521",-
819,Dead Man's Shoes,2004,90 min,"
Crime, Drama, Thriller            ",7.6,"47,674",$0.01M
820,Cat on a Hot Tin Roof,1958,108 min,"
Drama            ",8.0,"42,624",$17.57M
821,Watership Down,1978,91 min,"
Animation, Adventure, Drama            ",7.6,"32,255",-
822,Nelyubov,2017,127 min,"
Drama            ",7.6,"26,394",$0.57M
823,Kagemusha,1980,180 min,"
Drama, History, War            ",8.0,"30,100",-
824,Mustang,2015,97 min,"
Drama            ",7.6,"33,096",$0.85M
825,The Hustler,1961,134 min,"
Drama, Sport            ",8.0,"72,662",-
826,Touch of Evil,1958,95 min,"
Crime, Drama, Film-Noir            ",8.0,"95,159",$2.24M
827,Bir Zamanlar Anadolu'da,2011,157 min,"
Crime, Drama            ",7.9,"37,511",$0.14M
828,Shadow of a Doubt,1943,108 min,"
Thriller            ",7.8,"56,232",-
829,Bajrangi Bhaijaan,2015,163 min,"
Action, Comedy, Drama            ",8.0,"67,411",$8.18M
830,"South Park: Bigger, Longer & Uncut",1999,81 min,"
Animation, Comedy, Fantasy            ",7.7,"187,383",$52.01M
831,Bin-jip,2004,88 min,"
Crime, Drama, Romance            ",8.0,"46,936",$0.24M
832,Das Experiment,2001,120 min,"
Drama, Thriller            ",7.7,"88,816",$0.14M
833,Jeux d'enfants,2003,93 min,"
Comedy, Drama, Romance            ",7.6,"65,298",$0.55M
834,Diarios de motocicleta,2004,126 min,"
Adventure, Biography, Drama            ",7.8,"93,685",$16.76M
835,Hannah and Her Sisters,1986,107 min,"
Comedy, Drama            ",7.9,"64,060",$40.08M
836,The Broken Circle Breakdown,2012,111 min,"
Drama, Music, Romance            ",7.8,"37,732",$0.18M
837,Omoide no Mânî,2014,103 min,"
Animation, Drama, Family            ",7.7,"26,824",$0.77M
838,The Station Agent,2003,89 min,"
Comedy, Drama            ",7.6,"65,635",$5.74M
839,Rang De Basanti,2006,167 min,"
Comedy, Drama            ",8.2,"105,138",$2.20M
840,A Christmas Story,1983,94 min,"
Comedy, Family            ",8.0,"126,806",$20.61M
841,The Man Who Would Be King,1975,129 min,"
Adventure, History, War            ",7.8,"42,284",-
842,Invasion of the Body Snatchers,1956,80 min,"
Drama, Horror, Sci-Fi            ",7.7,"42,789",-
843,Mar adentro,2004,126 min,"
Biography, Drama            ",8.0,"74,830",$2.09M
844,Byôsoku 5 senchimêtoru,2007,63 min,"
Animation, Drama, Family            ",7.6,"47,175",-
845,Celda 211,2009,113 min,"
Action, Adventure, Crime            ",7.6,"61,465",-
846,Kakushi-toride no san-akunin,1958,139 min,"
Adventure, Drama            ",8.1,"31,560",-
847,Laura,1944,88 min,"
Drama, Film-Noir, Mystery            ",8.0,"40,404",$4.36M
848,Sholay,1975,204 min,"
Action, Adventure, Comedy            ",8.2,"48,784",-
849,Le notti di Cabiria,1957,110 min,"
Drama            ",8.1,"40,541",$0.75M
850,The Meaning of Life,1983,107 min,"
Comedy, Musical            ",7.6,"109,348",$14.93M
851,Profondo rosso,1975,127 min,"
Horror, Mystery, Thriller            ",7.6,"29,485",-
852,Gegen die Wand,2004,121 min,"
Drama, Romance            ",7.9,"48,778",-
853,Munna Bhai M.B.B.S.,2003,156 min,"
Comedy, Drama, Musical            ",8.1,"69,010",-
854,Viskningar och rop,1972,91 min,"
Drama            ",8.1,"27,724",-
855,"Crna macka, beli macor",1998,127 min,"
Comedy, Crime, Romance            ",8.1,"48,760",$0.35M
856,Frost/Nixon,2008,122 min,"
Biography, Drama, History            ",7.7,"99,329",$18.59M
857,The Adventures of Robin Hood,1938,102 min,"
Action, Adventure, Romance            ",7.9,"45,321",$3.98M
858,Night on Earth,1991,129 min,"
Comedy, Drama            ",7.8,"52,471",$2.02M
859,Hera Pheri,2000,156 min,"
Action, Comedy, Crime            ",8.2,"51,456",-
860,Talvar,2015,132 min,"
Crime, Drama, Mystery            ",8.2,"27,570",$0.34M
861,Inherit the Wind,1960,128 min,"
Biography, Drama, History            ",8.1,"25,866",-
862,Bringing Up Baby,1938,102 min,"
Comedy, Family, Romance            ",7.9,"52,640",-
863,Control,2007,122 min,"
Biography, Drama, Music            ",7.7,"59,526",$0.87M
864,Pierrot le Fou,1965,110 min,"
Crime, Drama, Romance            ",7.6,"26,923",-
865,Kokuhaku,2010,106 min,"
Drama, Thriller            ",7.8,"33,593",-
866,Mysterious Skin,2004,105 min,"
Drama            ",7.6,"63,970",$0.70M
867,His Girl Friday,1940,92 min,"
Comedy, Drama, Romance            ",7.9,"50,596",$0.30M
868,La Strada,1954,108 min,"
Drama            ",8.0,"55,282",-
869,Gilda,1946,110 min,"
Drama, Film-Noir, Romance            ",7.7,"26,112",-
870,Mr. Smith Goes to Washington,1939,129 min,"
Comedy, Drama            ",8.1,"101,967",$9.60M
871,Les diaboliques,1955,117 min,"
Crime, Drama, Horror            ",8.0,"58,988",-
872,Stalag 17,1953,120 min,"
Comedy, Drama, War            ",8.0,"49,392",-
873,The 39 Steps,1935,86 min,"
Film-Noir, Mystery, Thriller            ",7.7,"48,870",-
874,Yeopgijeogin geunyeo,2001,123 min,"
Comedy, Drama, Romance            ",8.0,"43,662",-
875,Jûbê ninpûchô,1993,94 min,"
Animation, Action, Adventure            ",7.9,"32,992",-
876,Sleuth,1972,138 min,"
Mystery, Thriller            ",8.0,"43,174",-
877,Darbareye Elly,2009,119 min,"
Drama, Mystery, Thriller            ",8.0,"41,203",$0.11M
878,Once Were Warriors,1994,102 min,"
Crime, Drama            ",7.9,"30,301",$2.20M
879,Festen,1998,105 min,"
Drama            ",8.0,"75,215",$1.65M
880,Peeping Tom,1960,101 min,"
Drama, Horror, Thriller            ",7.7,"28,601",$0.08M
881,Ookami kodomo no Ame to Yuki,2012,117 min,"
Animation, Drama, Family            ",8.1,"35,120",-
882,Lilja 4-ever,2002,109 min,"
Crime, Drama            ",7.8,"41,037",$0.18M
883,Dabba,2013,104 min,"
Drama, Romance            ",7.8,"44,822",$4.23M
884,Out of the Past,1947,97 min,"
Crime, Drama, Film-Noir            ",8.0,"30,647",-
885,The World's Fastest Indian,2005,127 min,"
Biography, Drama, Sport            ",7.8,"50,325",$5.13M
886,"4 luni, 3 saptamâni si 2 zile",2007,113 min,"
Drama            ",7.9,"54,075",$1.19M
887,Secrets & Lies,1996,136 min,"
Comedy, Drama            ",8.0,"35,114",$13.42M
888,Sunrise: A Song of Two Humans,1927,94 min,"
Drama, Romance            ",8.1,"45,073",$0.54M
889,The Innocents,1961,100 min,"
Horror            ",7.8,"25,031",$2.62M
890,Down by Law,1986,107 min,"
Comedy, Crime, Drama            ",7.8,"45,475",$1.44M
891,A Hard Day's Night,1964,87 min,"
Comedy, Music, Musical            ",7.6,"38,288",$13.78M
892,Ace in the Hole,1951,111 min,"
Drama, Film-Noir            ",8.1,"28,327",$3.97M
893,Kahaani,2012,122 min,"
Mystery, Thriller            ",8.1,"54,261",$1.04M
894,The General,1926,67 min,"
Action, Adventure, Comedy            ",8.1,"75,737",$0.23M
895,Le charme discret de la bourgeoisie,1972,102 min,"
Comedy            ",7.9,"35,550",$0.20M
896,Persepolis,2007,96 min,"
Animation, Biography, Drama            ",8.0,"85,048",$4.45M
897,Queen,2013,146 min,"
Comedy, Drama            ",8.2,"57,354",$1.43M
898,The Gold Rush,1925,95 min,"
Adventure, Comedy, Drama            ",8.2,"94,002",$5.45M
899,Pink,2016,136 min,"
Drama, Thriller            ",8.1,"35,231",$1.24M
900,Dil Chahta Hai,2001,183 min,"
Comedy, Drama, Romance            ",8.1,"63,441",$0.30M
901,Philomena,2013,98 min,"
Biography, Comedy, Drama            ",7.6,"91,149",$37.71M
902,To Have and Have Not,1944,100 min,"
Adventure, Comedy, Film-Noir            ",7.8,"29,336",-
903,Crimes and Misdemeanors,1989,104 min,"
Comedy, Drama            ",7.9,"52,315",$18.25M
904,Le salaire de la peur,1953,131 min,"
Adventure, Drama, Thriller            ",8.1,"50,931",-
905,White Heat,1949,114 min,"
Action, Crime, Drama            ",8.1,"27,794",-
906,The Odd Couple,1968,105 min,"
Comedy            ",7.7,"30,169",$44.53M
907,Toki o kakeru shôjo,2006,98 min,"
Animation, Adventure, Comedy            ",7.8,"56,353",-
908,Sweet Smell of Success,1957,96 min,"
Drama, Film-Noir            ",8.1,"26,018",-
909,Kal ho naa ho,2003,186 min,"
Comedy, Drama, Romance            ",8.0,"59,911",$1.79M
910,Bronenosets Potemkin,1925,75 min,"
Drama, History, Thriller            ",8.0,"50,266",$0.05M
911,Dilwale Dulhania Le Jayenge,1995,189 min,"
Drama, Romance            ",8.1,"60,159",-
912,Arsenic and Old Lace,1944,118 min,"
Comedy, Crime, Thriller            ",8.0,"63,199",-
913,Shine,1996,105 min,"
Biography, Drama, Music            ",7.7,"49,738",$35.81M
914,Spoorloos,1988,107 min,"
Mystery, Thriller            ",7.7,"31,351",-
915,Vivre sa vie: Film en douze tableaux,1962,80 min,"
Drama            ",8.0,"25,212",-
916,Death Note: Desu nôto,2006,126 min,"
Crime, Drama, Fantasy            ",7.7,"27,690",-
917,Bride of Frankenstein,1935,75 min,"
Drama, Horror, Sci-Fi            ",7.8,"41,131",$4.36M
918,The Thin Man,1934,91 min,"
Comedy, Crime, Mystery            ",8.0,"25,151",-
919,Baby,2015,159 min,"
Action, Thriller            ",8.0,"50,242",-
920,Jules et Jim,1962,105 min,"
Drama, Romance            ",7.8,"35,191",-
921,La battaglia di Algeri,1966,121 min,"
Drama, War            ",8.1,"49,452",$0.06M
922,Tropa de Elite 2: O Inimigo Agora é Outro,2010,115 min,"
Action, Crime, Drama            ",8.0,"76,875",$0.10M
923,A Wednesday,2008,104 min,"
Crime, Drama, Mystery            ",8.1,"70,649",-
924,La passion de Jeanne d'Arc,1928,110 min,"
Biography, Drama, History            ",8.1,"43,553",$0.02M
925,Baahubali 2: The Conclusion,2017,167 min,"
Action, Drama            ",8.2,"69,766",$20.19M
926,Okuribito,2008,130 min,"
Drama, Music            ",8.1,"46,520",$1.50M
927,Huo Yuan Jia,2006,104 min,"
Action, Biography, Drama            ",7.6,"71,096",$24.63M
928,Efter brylluppet,2006,120 min,"
Drama            ",7.7,"30,582",$0.41M
929,Duck Soup,1933,69 min,"
Comedy, Musical, War            ",7.8,"53,734",-
930,Interstate 60: Episodes of the Road,2002,116 min,"
Adventure, Comedy, Drama            ",7.7,"28,648",-
931,Hævnen,2010,118 min,"
Drama, Romance            ",7.6,"37,383",$1.01M
932,No Man's Land,2001,98 min,"
Comedy, Drama, War            ",7.9,"43,153",$1.06M
933,Il postino,1994,108 min,"
Biography, Comedy, Drama            ",7.7,"31,864",$21.85M
934,Batman: Mask of the Phantasm,1993,76 min,"
Animation, Action, Crime            ",7.8,"40,551",$5.62M
935,Haider,2014,160 min,"
Crime, Drama, Thriller            ",8.1,"47,621",$0.90M
936,In America,2002,105 min,"
Drama            ",7.7,"39,620",$15.54M
937,Cowboy Bebop: Tengoku no tobira,2001,115 min,"
Animation, Action, Crime            ",7.9,"40,932",$1.00M
938,Lat sau san taam,1992,128 min,"
Action, Crime, Thriller            ",7.8,"44,925",-
939,Key Largo,1948,100 min,"
Action, Crime, Drama            ",7.8,"35,397",-
940,Da hong deng long gao gao gua,1991,125 min,"
Drama, History, Romance            ",8.1,"27,656",$2.60M
941,G.O.R.A.,2004,127 min,"
Adventure, Comedy, Sci-Fi            ",8.0,"52,891",-
942,Barfi!,2012,151 min,"
Comedy, Drama, Romance            ",8.1,"71,686",$2.80M
943,Brief Encounter,1945,86 min,"
Drama, Romance            ",8.0,"33,350",-
944,Le passé,2013,130 min,"
Drama, Mystery            ",7.8,"42,751",$1.33M
945,Mandariinid,2013,87 min,"
Drama, War            ",8.2,"35,485",$0.14M
946,Black,2005,122 min,"
Drama            ",8.2,"32,088",$0.73M
947,Au revoir les enfants,1987,104 min,"
Drama, War            ",8.0,"29,338",$4.54M
948,Sanjuro,1962,96 min,"
Action, Comedy, Crime            ",8.1,"29,835",-
949,Miracle on 34th Street,1947,96 min,"
Comedy, Drama, Family            ",7.9,"38,588",$2.65M
950,Love and Death,1975,85 min,"
Comedy, War            ",7.7,"34,211",-
951,Veer-Zaara,2004,192 min,"
Drama, Family, Musical            ",7.8,"46,617",$2.92M
952,Nueve reinas,2000,114 min,"
Crime, Drama, Thriller            ",7.9,"47,522",$1.22M
953,The Secret of Kells,2009,71 min,"
Animation, Adventure, Family            ",7.6,"29,627",$0.69M
954,Hana-bi,1997,103 min,"
Crime, Drama, Romance            ",7.8,"26,017",$0.23M
955,Kind Hearts and Coronets,1949,106 min,"
Comedy, Crime            ",8.0,"33,076",-
956,Hiroshima mon amour,1959,90 min,"
Drama, Romance            ",7.9,"26,284",$0.09M
957,Harvey,1950,104 min,"
Comedy, Drama, Fantasy            ",7.9,"51,227",-
958,Les triplettes de Belleville,2003,80 min,"
Animation, Comedy, Drama            ",7.8,"49,180",$7.00M
959,Tôkyô goddofâzâzu,2003,93 min,"
Animation, Adventure, Comedy            ",7.8,"28,472",$0.13M
960,The Purple Rose of Cairo,1985,82 min,"
Comedy, Fantasy, Romance            ",7.7,"44,840",$10.63M
961,The Visitor,2007,104 min,"
Drama            ",7.6,"40,760",$9.42M
962,Adams æbler,2005,94 min,"
Comedy, Crime, Drama            ",7.8,"43,476",$0.00M
963,Lifeboat,1944,97 min,"
Drama, War            ",7.7,"25,223",-
964,The Lost Weekend,1945,101 min,"
Drama, Film-Noir            ",7.9,"31,874",$9.46M
965,Vampire Hunter D: Bloodlust,2000,103 min,"
Animation, Action, Fantasy            ",7.7,"27,906",$0.15M
966,Le dîner de cons,1998,80 min,"
Comedy            ",7.7,"35,642",$4.07M
967,Airlift,2016,130 min,"
Drama, History            ",8.0,"50,354",-
968,Andaz Apna Apna,1994,160 min,"
Comedy, Family, Romance            ",8.2,"47,082",-
969,Zelig,1983,79 min,"
Comedy            ",7.7,"38,329",$11.80M
970,Taegukgi hwinalrimyeo,2004,140 min,"
Action, Drama, War            ",8.1,"36,624",$1.11M
971,Chak De! India,2007,153 min,"
Drama, Family, Sport            ",8.2,"69,692",$1.11M
972,Knockin' on Heaven's Door,1997,87 min,"
Action, Crime, Comedy            ",8.0,"26,210",$0.00M
973,Sherlock Jr.,1924,45 min,"
Action, Comedy, Romance            ",8.2,"36,869",$0.98M
974,Ondskan,2003,113 min,"
Drama            ",7.8,"34,540",$0.02M
975,Dip huet seung hung,1989,111 min,"
Action, Crime, Drama            ",7.8,"44,245",-
976,La règle du jeu,1939,110 min,"
Comedy, Drama            ",8.0,"25,281",-
977,Jab We Met,2007,138 min,"
Comedy, Drama, Romance            ",7.9,"44,534",$0.41M
978,Vicky Donor,2012,126 min,"
Comedy, Romance            ",7.8,"37,353",$0.17M
979,Central do Brasil,1998,110 min,"
Drama            ",8.0,"34,169",$5.60M
980,Auf der anderen Seite,2007,122 min,"
Drama            ",7.8,"29,642",$0.74M
981,Dev.D,2009,144 min,"
Comedy, Drama, Romance            ",8.0,"27,181",$0.01M
982,Joyeux Noël,2005,116 min,"
Drama, History, Music            ",7.7,"26,685",$1.05M
983,La Grande Illusion,1937,113 min,"
Drama, War            ",8.1,"32,254",$0.17M
984,Special Chabbis,2013,144 min,"
Crime, Drama, Thriller            ",8.0,"47,611",$1.08M
985,OMG: Oh My God!,2012,125 min,"
Comedy, Drama, Fantasy            ",8.1,"47,450",$0.92M
986,English Vinglish,2012,134 min,"
Comedy, Drama, Family            ",7.8,"31,662",$1.67M
987,The Magdalene Sisters,2002,114 min,"
Drama            ",7.7,"25,201",$4.89M
988,Drishyam,2013,160 min,"
Crime, Drama, Thriller            ",8.4,"28,556",-
989,A Night at the Opera,1935,96 min,"
Comedy, Music, Musical            ",7.9,"29,443",-
990,Lage Raho Munna Bhai,2006,144 min,"
Comedy, Drama, Romance            ",8.1,"40,401",$2.22M
991,C.R.A.Z.Y.,2005,127 min,"
Comedy, Drama            ",7.9,"30,722",-
992,The Shop Around the Corner,1940,99 min,"
Comedy, Drama, Romance            ",8.1,"25,939",$0.20M
993,Udaan,2010,134 min,"
Drama            ",8.1,"40,222",$0.01M
994,The Muppet Christmas Carol,1992,85 min,"
Comedy, Drama, Family            ",7.7,"45,756",$27.28M
995,Bhaag milkha bhaag,2013,186 min,"
Biography, Drama, Sport            ",8.2,"57,318",$1.63M
996,Vizontele,2001,110 min,"
Comedy, Drama            ",8.0,"30,718",-
997,Boy A,2007,102 min,"
Drama            ",7.6,"36,163",$0.11M
998,Paan Singh Tomar,2012,135 min,"
Action, Biography, Crime            ",8.2,"30,449",$0.04M
999,And Now for Something Completely Different,1971,88 min,"
Comedy            ",7.6,"27,981",-
1000,Nefes: Vatan Sagolsun,2009,128 min,"
Action, Drama, Thriller            ",8.0,"30,555",-
